day,water_m3_day,oil_m3_day,gas_m3_day,water_cut,oil_recovery,cumulative_oil_m3,balance_error_m3,max_pressure_bar,rate,gas_fraction,initial_gas,scenario_id
0.0,1.8030414842906342,5.931049085588268,16.614810644020185,0.07405021969785659,0.0,0.0,0.0,475.81649058535226,24.348901213899083,0.4388784397520523,0.1717195839822765,0
7.5,1.8030414843085643,5.93104908564815,16.61481064394237,0.07405021969859298,0.011742058741105696,44.482868141931334,4.007461029686965e-12,520.01306393807,24.348901213899083,0.4388784397520523,0.1717195839822765,0
15.0,1.8030454826696167,5.931062440130383,16.614793291099087,0.07405038390974227,0.023484120505794293,88.96574773821173,1.6626700016786344e-12,494.05959164710265,24.348901213899083,0.4388784397520523,0.1717195839822765,0
22.5,1.8042915607047136,5.935224360796468,16.609385292397903,0.074101559854979,0.03522788222343739,133.45506732809034,2.0179413695586845e-12,475.05489449998845,24.348901213899083,0.4388784397520523,0.1717195839822765,0
30.0,1.8384498099623046,6.049340596987715,16.461110806949065,0.0755044260031275,0.047045083609337894,178.22260108394354,3.211653165635653e-12,463.40060884688586,24.348901213899083,0.4388784397520523,0.1717195839822765,0
37.5,2.040792437022884,6.726332405788067,15.581776371088132,0.08381455980682768,0.05955878516677525,225.6287117686317,2.5863755581667647e-12,456.25284030762674,24.348901213899083,0.4388784397520523,0.1717195839822765,0
45.0,2.3910477012325977,7.900851718442691,14.057001794223796,0.0981994086808203,0.07400755950854586,280.3655290532794,4.433786671143025e-12,450.2445886835037,24.348901213899083,0.4388784397520523,0.1717195839822765,0
52.5,2.6941369148594667,8.911711023863687,12.74305327517593,0.11064716601345331,0.09070228822925101,343.610776988269,3.410605131648481e-12,444.43981963966957,24.348901213899083,0.4388784397520523,0.1717195839822765,0
60.0,2.9012546417090697,9.554417325136537,11.893229247053476,0.11915341132736398,0.10903191263132478,413.0495596877836,2.9274360713316128e-12,438.92135894835354,24.348901213899083,0.4388784397520523,0.1717195839822765,0
67.5,3.070224675946521,9.916819941767692,11.361856596184872,0.12609294559024883,0.12834138430650663,486.20033344524734,4.206412995699793e-12,433.79553610865287,24.348901213899083,0.4388784397520523,0.1717195839822765,0
75.0,3.2764895200729196,10.073518728114028,10.99889296571214,0.1345641633390258,0.14815926640814522,561.2771369101666,3.979039320256561e-12,429.06217167823087,24.348901213899083,0.4388784397520523,0.1717195839822765,0
82.5,3.579336635510682,10.046156754349884,10.723407824038517,0.14700197779222535,0.16810538155316535,636.8397302766653,2.7284841053187847e-12,424.67243429672425,24.348901213899083,0.4388784397520523,0.1717195839822765,0
90.0,3.9965636725200673,9.84615759644809,10.506179944930928,0.16413733159501706,0.18782454842929258,711.5425672628911,4.092726157978177e-12,420.5747334776561,24.348901213899083,0.4388784397520523,0.1717195839822765,0
97.5,4.502695980092046,9.505908746614224,10.340296487192813,0.1849239906366605,0.20700283967493643,784.1963854286141,5.9685589803848416e-12,416.7375835362922,24.348901213899083,0.4388784397520523,0.1717195839822765,0
105.0,5.05345376591133,9.074628931644515,10.22081851634324,0.20754340089180973,0.22540957333908523,853.9272839498116,8.128608897095546e-12,413.1487878640851,24.348901213899083,0.4388784397520523,0.1717195839822765,0
112.5,5.607901695461398,8.601356511067102,10.139643007370584,0.2303143639295,0.24291392749255644,920.2396653546764,3.694822225952521e-12,409.8031497722492,24.348901213899083,0.4388784397520523,0.1717195839822765,0
120.0,6.137821642672872,8.123579835295498,10.087499735930717,0.2520779721743345,0.25947194765757275,982.9670152965915,2.8421709430404007e-12,406.69390966884134,24.348901213899083,0.4388784397520523,0.1717195839822765,0
127.5,6.628357450246755,7.664401406514346,10.056142357137986,0.2722240889647657,0.2750996504481633,1042.1700100969456,2.7284841053187847e-12,403.81013755831157,24.348901213899083,0.4388784397520523,0.1717195839822765,0
135.0,7.074475187838125,7.235233540116026,10.039192485944936,0.2905459727192865,0.2898466283613495,1098.036522815691,3.637978807091713e-12,401.1373441546561,24.348901213899083,0.4388784397520523,0.1717195839822765,0
142.5,7.476823437639613,6.8399990250927925,10.03207875116668,0.30707026045888336,0.303777056416209,1150.809670011395,4.092726157978177e-12,398.65910094640606,24.348901213899083,0.4388784397520523,0.1717195839822765,0
150.0,7.838723513127954,6.478533340619568,10.031644360151564,0.3219333572495409,0.31695841453161444,1200.7450883147055,4.661160346586257e-12,396.35852900297294,24.348901213899083,0.4388784397520523,0.1717195839822765,0
157.5,8.164446466276043,6.148719000842926,10.035735746780114,0.33531067355168914,0.32945568084326987,1248.0889367601121,6.0254023992456496e-12,394.21928839956564,24.348901213899083,0.4388784397520523,0.1717195839822765,0
165.0,8.45836330500406,5.847656037387588,10.042881871507436,0.34738172497803604,0.34132873209998743,1293.0680486126241,2.9558577807620168e-12,392.2261108316054,24.348901213899083,0.4388784397520523,0.1717195839822765,0
172.5,8.724568320739168,5.572257969440835,10.052074923719083,0.3583146625014406,0.3526314549780191,1335.8865647275359,2.3874235921539366e-12,390.3650229296287,24.348901213899083,0.4388784397520523,0.1717195839822765,0
180.0,8.966732761526654,5.31954723665786,10.062621215714573,0.3682602628659142,0.3634117063835612,1376.72578316296,3.637978807091713e-12,388.6233962418899,24.348901213899083,0.4388784397520523,0.1717195839822765,0
0.0,1.4068028069159393,4.289276182480631,16.73812173708753,0.06270795309659398,0.0,0.0,0.0,415.2027097157089,22.434200726484097,0.09417734788764953,0.1951244703273512,1
7.5,1.4068028069161116,4.2892761824811565,16.73812173708683,0.06270795309660165,0.008820318110897316,32.16957136860491,1.298516849601583e-12,535.3058675819915,22.434200726484097,0.09417734788764953,0.1951244703273512,1
15.0,1.4068029848185948,4.28927672645009,16.738121015215413,0.06270796102656918,0.017640636333954893,64.33914314628208,9.379164112033322e-13,510.64114930599624,22.434200726484097,0.09417734788764953,0.1951244703273512,1
22.5,1.4069549284546847,4.289741321615953,16.737504476413463,0.06271473388368776,0.026461118597232356,96.5093132134421,3.595346242946107e-12,491.797339634483,22.434200726484097,0.09417734788764953,0.1951244703273512,1
30.0,1.420517119030594,4.331211177813074,16.68247242964043,0.0633192658097973,0.035301750074774874,128.7529717396544,2.4442670110147446e-12,482.09703121247327,22.434200726484097,0.09417734788764953,0.1951244703273512,1
37.5,1.692025231449287,5.161762683093638,15.580412811941173,0.07542168549164364,0.044762589639431354,163.25866073585038,4.007461029686965e-12,479.116410696792,22.434200726484097,0.09417734788764953,0.1951244703273512,1
45.0,2.507235689341332,7.645319438549031,12.281645598593736,0.11175952822698434,0.05770424911096305,210.4596383834997,2.6432189770275727e-12,476.0016510971311,22.434200726484097,0.09417734788764953,0.1951244703273512,1
52.5,3.3857658721614614,10.132773157551457,8.91566169677118,0.1509198350072925,0.07614050667119525,277.70058093194655,3.979039320256561e-12,471.18640512233253,22.434200726484097,0.09417734788764953,0.1951244703273512,1
60.0,4.141686399292055,11.483326233183693,6.809188094008351,0.18461484096479078,0.09853814676479092,359.3895259813391,2.2737367544323206e-12,465.42634687451823,22.434200726484097,0.09417734788764953,0.1951244703273512,1
67.5,5.027075280694357,11.91748730041603,5.489638145373712,0.22408087285943631,0.12272364825795247,447.5991808472461,3.069544618483633e-12,459.5828555943996,22.434200726484097,0.09417734788764953,0.1951244703273512,1
75.0,6.1228945294959765,11.753133181787085,4.558173015201039,0.2729267961959419,0.1471404326991428,536.6523736909683,2.6147972675971687e-12,454.00320579111917,22.434200726484097,0.09417734788764953,0.1951244703273512,1
82.5,7.336121394660074,11.249576469919157,3.8485028619048665,0.3270061404951063,0.17083764678847133,623.0811408056059,1.9326762412674725e-12,448.7525687397206,22.434200726484097,0.09417734788764953,0.1951244703273512,1
90.0,8.525812234309015,10.585261354725034,3.3231271374500486,0.3800363711751984,0.19331062779937788,705.0448701639015,3.296918293926865e-12,443.84059487861816,22.434200726484097,0.09417734788764953,0.1951244703273512,1
97.5,9.60087507861682,9.884483423092727,2.9488422247745496,0.42795708194242743,0.21436425382802193,781.8319107877096,1.5916157281026244e-12,439.2961603247485,22.434200726484097,0.09417734788764953,0.1951244703273512,1
105.0,10.535429041567305,9.21694133412147,2.681830350795324,0.469614637490962,0.23400360085136512,853.4607758418707,3.183231456205249e-12,435.12919346657844,22.434200726484097,0.09417734788764953,0.1951244703273512,1
112.5,11.33796419603338,8.608595664795464,2.487640865655254,0.5053874811171074,0.2523288664985992,920.2969073368341,2.9558577807620168e-12,431.3220938463803,22.434200726484097,0.09417734788764953,0.1951244703273512,1
120.0,12.027472338149057,8.063023361079868,2.343705027255174,0.5361221683262531,0.269467651452618,982.8056920334203,2.9558577807620168e-12,427.8436596181187,22.434200726484097,0.09417734788764953,0.1951244703273512,1
127.5,12.62340400020555,7.575230377073282,2.235566349205267,0.5626857026960327,0.2855446170927486,1041.4417964287725,3.183231456205249e-12,424.6594740271306,22.434200726484097,0.09417734788764953,0.1951244703273512,1
135.0,13.142729469407833,7.1377974816898835,2.1536737753863795,0.5858345313765752,0.30067113736481366,1096.611424931133,2.2737367544323206e-12,421.7365306434636,22.434200726484097,0.09417734788764953,0.1951244703273512,1
142.5,13.599473255924796,6.743295720091755,2.0914317504675504,0.6061937940971661,0.3149430357182285,1148.66406598933,2.2737367544323206e-12,419.0449458969744,22.434200726484097,0.09417734788764953,0.1951244703273512,1
150.0,14.00493140444019,6.3851715837963745,2.0440977382475327,0.6242670097850663,0.32844173145543276,1197.8966730723525,2.2737367544323206e-12,416.55836670169543,22.434200726484097,0.09417734788764953,0.1951244703273512,1
157.5,14.368013850807333,6.058006131226611,2.008180744450153,0.640451337044763,0.34123630166823915,1244.56118498865,2.7284841053187847e-12,414.2539078788346,22.434200726484097,0.09417734788764953,0.1951244703273512,1
165.0,14.695641036153706,5.757491938933827,1.9810677513965635,0.6550552531521732,0.35338583010483626,1288.8730927024008,2.9558577807620168e-12,412.11185555838944,22.434200726484097,0.09417734788764953,0.1951244703273512,1
172.5,14.99315652792944,5.480267981682851,1.960776216871806,0.6683169465551616,0.36494155453633514,1331.0192712348683,3.865352482534945e-12,410.11527576588617,22.434200726484097,0.09417734788764953,0.1951244703273512,1
180.0,15.264700133612404,5.223701186766779,1.9457994061049138,0.6804209483421475,0.3759485563047093,1371.1641418041736,4.547473508864641e-12,408.2496061710124,22.434200726484097,0.09417734788764953,0.1951244703273512,1
0.0,3.8741062757347144,19.359559963257567,0.7948263107665389,0.16122968462179285,0.0,0.0,0.0,792.6332846125475,24.028492549758823,0.7860643052769538,0.025622726535109178,2
7.5,3.874106275734656,19.359559963257002,0.7948263107671628,0.1612296846217904,0.0310963299644224,145.19669972443162,6.45172804070171e-12,506.7892640556081,24.028492549758823,0.7860643052769538,0.025622726535109178,2
15.0,3.8741048825506033,19.35954641438243,0.7948412528257891,0.16122962664128873,0.06219265816652436,290.39339122013945,4.263256414560601e-12,457.3323580951802,24.028492549758823,0.7860643052769538,0.025622726535109178,2
22.5,3.8684317213517296,19.312720307479758,0.8473405209273308,0.16099352522181246,0.09327947999800343,435.5456950455858,1.5347723092418164e-12,428.187064734852,24.028492549758823,0.7860643052769538,0.025622726535109178,2
30.0,3.4431077248921858,16.84770427357196,3.7376805512946767,0.14329270626370377,0.12289755577742302,573.8400487612824,2.8421709430404007e-12,404.0789580919606,24.028492549758823,0.7860643052769538,0.025622726535109178,2
37.5,2.7913980748805582,13.408895291682358,7.828199183195907,0.11617033690732197,0.14706259635401425,686.6727896166291,1.2505552149377763e-12,386.99063483211773,24.028492549758823,0.7860643052769538,0.025622726535109178,2
45.0,2.369030872200333,11.254624570156048,10.40483710740244,0.09859257160200469,0.1667458598822784,778.5789697793696,3.865352482534945e-12,375.01059485796253,24.028492549758823,0.7860643052769538,0.025622726535109178,2
52.5,2.0954439246076824,9.881436615603358,12.051612009547782,0.0872066327202334,0.183654944787073,857.5318020378814,1.7053025658242404e-12,366.1561758327021,24.028492549758823,0.7860643052769538,0.025622726535109178,2
60.0,1.907039748867189,8.945370962638133,13.176081838253499,0.0793657673246893,0.19873773927298555,927.9572183002482,8.526512829121202e-13,359.3201995737292,24.028492549758823,0.7860643052769538,0.025622726535109178,2
67.5,1.7684908400854535,8.26103065106565,13.998971058607719,0.07359974149119912,0.212536450809602,992.386923601755,5.343281372915953e-12,353.8463309059051,24.028492549758823,0.7860643052769538,0.025622726535109178,2
75.0,1.6582864992605761,7.717526583183333,14.652679467314911,0.06901333888618079,0.2253589367389571,1052.2583824309932,5.9117155615240335e-12,349.3177174528822,24.028492549758823,0.7860643052769538,0.025622726535109178,2
82.5,1.5658305916149038,7.260763975665965,15.201897982477954,0.06516557742323374,0.23738128721311497,1108.3938046424034,3.410605131648481e-12,345.48401717032095,24.028492549758823,0.7860643052769538,0.025622726535109178,2
90.0,1.4885075389357665,6.8775090075958865,15.66247600322717,0.06194760390620954,0.24872898950178587,1161.3791223199391,4.547473508864641e-13,342.19921097053526,24.028492549758823,0.7860643052769538,0.025622726535109178,2
97.5,1.425340044720063,6.562936820384822,16.040215684653937,0.05931874593333027,0.25951681412211836,1211.7502282951564,3.637978807091713e-12,339.35774988102474,24.028492549758823,0.7860643052769538,0.025622726535109178,2
105.0,1.3743468353485566,6.3068148648378655,16.347330849572398,0.05719654832705479,0.26984752992719757,1259.9869765675305,7.503331289626658e-12,336.8725108469438,24.028492549758823,0.7860643052769538,0.025622726535109178,2
112.5,1.3333355803875149,6.097109390982867,16.59804757838844,0.05548977230371024,0.27980537600296035,1306.4827009253195,5.002220859751105e-12,334.67352921714075,24.028492549758823,0.7860643052769538,0.025622726535109178,2
120.0,1.3006076070614534,5.923240075523281,16.804644867174087,0.0541277237582891,0.2894562067468651,1351.5448923548952,4.547473508864641e-12,332.70601572075395,24.028492549758823,0.7860643052769538,0.025622726535109178,2
127.5,1.2751390528742992,5.776663564287423,16.9766899325971,0.053067792340019175,0.2988505189473757,1395.4093332472992,4.320099833421409e-12,330.926958219849,24.028492549758823,0.7860643052769538,0.025622726535109178,2
135.0,1.2565773759115058,5.650494649349903,17.121420524497413,0.05229530622070248,0.308026481372135,1438.2542433185124,3.865352482534945e-12,329.3022440388259,24.028492549758823,0.7860643052769538,0.025622726535109178,2
142.5,1.245198732739036,5.5390074969344365,17.244286320085347,0.05182175827969425,0.31701218925079616,1480.2108063650885,5.4569682106375694e-12,327.8046503871808,24.028492549758823,0.7860643052769538,0.025622726535109178,2
150.0,1.2418303935619268,5.4372353724678995,17.349426783728994,0.05168157723545547,0.32582718438554914,1521.3702680481042,7.73070496506989e-12,326.4124955210809,24.028492549758823,0.7860643052769538,0.025622726535109178,2
157.5,1.2477036775672552,5.340754553502667,17.4400343186889,0.05192600721761793,0.33448348176717246,1561.7887294254735,6.59383658785373e-12,325.10865825340574,24.028492549758823,0.7860643052769538,0.025622726535109178,2
165.0,1.264202867836528,5.2456812934397465,17.518608388482548,0.05261265829383945,0.34298640761060467,1601.4910599538816,6.821210263296962e-12,323.87974958324577,24.028492549758823,0.7860643052769538,0.025622726535109178,2
172.5,1.29251484699972,5.148840952575971,17.58713675018313,0.053790925266041845,0.35133558353984884,1640.475492899245,7.503331289626658e-12,322.71535349080136,24.028492549758823,0.7860643052769538,0.025622726535109178,2
180.0,1.3332623502584309,5.047995652682789,17.647234546817604,0.055486724666454906,0.35952624941072253,1678.7198019336886,4.320099833421409e-12,321.6073869863233,24.028492549758823,0.7860643052769538,0.025622726535109178,2
0.0,1.0923934827489186,3.4391363150289687,11.72811864961129,0.0671843235899928,0.0,0.0,0.0,367.1066025797282,16.25964844738918,0.37079802423258124,0.18535299776972036,3
7.5,1.0923934827489203,3.439136315028974,11.728118649611284,0.0671843235899929,0.006959689673578913,25.793522362717283,5.115907697472721e-13,420.9316192603033,16.25964844738918,0.37079802423258124,0.18535299776972036,3
15.0,1.0923934832924571,3.4391363167543814,11.728118647342338,0.06718432362342147,0.013919379347480219,51.5870447266294,1.4637180356658064e-12,412.30119800545714,16.25964844738918,0.37079802423258124,0.18535299776972036,3
22.5,1.0923942028553686,3.4391386009411775,11.72811564359263,0.06718436787793988,0.020879069772067427,77.38056987268189,1.3642420526593924e-12,401.276327181393,16.25964844738918,0.37079802423258124,0.18535299776972036,3
30.0,1.0924571597456092,3.4393384519190393,11.727852835724528,0.06718823984912328,0.02783885784213544,103.17445690568779,1.7763568394002505e-12,392.3329038420551,16.25964844738918,0.37079802423258124,0.18535299776972036,3
37.5,1.0938941129819784,3.4438999700457034,11.721854364361498,0.06727661526763364,0.034801618495101945,128.97936072062845,1.6271428648906294e-12,385.7555932276872,16.25964844738918,0.37079802423258124,0.18535299776972036,3
45.0,1.108554634787336,3.4904435322594543,11.660650280342388,0.06817826586929297,0.041802369186278256,154.9250605977621,2.5863755581667647e-12,381.5047264615207,16.25964844738918,0.37079802423258124,0.18535299776972036,3
52.5,1.1848556959065544,3.7328182842748934,11.34197446720773,0.07287092951242789,0.04905516249396107,181.80486345507578,1.8971491044794675e-12,378.896227896729,16.25964844738918,0.37079802423258124,0.18535299776972036,3
60.0,1.3685322805489932,4.317016050544764,10.57410011629542,0.0841673966677145,0.057141416320654795,211.77358026456784,2.6147972675971687e-12,376.79854814666135,16.25964844738918,0.37079802423258124,0.18535299776972036,3
67.5,1.6105648897195532,5.087083561919971,9.561999995749654,0.09905287281768768,0.06663699412818985,246.96543651289807,2.6716406864579767e-12,374.6226586493542,16.25964844738918,0.37079802423258124,0.18535299776972036,3
75.0,1.8376258018846612,5.804371978750895,8.61765066675362,0.11301756048604666,0.07767387717119895,287.86957203280235,1.0089706847793423e-12,372.27500945303217,16.25964844738918,0.37079802423258124,0.18535299776972036,3
82.5,2.015220764623371,6.342431428992171,7.9019962537736355,0.12393999606719396,0.08999002687313656,333.51483750570117,2.8421709430404007e-12,369.82465127348337,16.25964844738918,0.37079802423258124,0.18535299776972036,3
90.0,2.155620837557546,6.707324761543976,7.3967028482876565,0.13257487359166584,0.10321584391552384,382.53144940193204,2.1600499167107046e-12,367.36898341151937,16.25964844738918,0.37079802423258124,0.18535299776972036,3
97.5,2.2860279109452297,6.936591759341573,7.0370287771023765,0.1405951622104289,0.11703857155744636,433.7602902364883,2.2168933355715126e-12,364.97339892954346,16.25964844738918,0.37079802423258124,0.18535299776972036,3
105.0,2.4327837951799043,7.058568382425995,6.768296269783278,0.14962093449016345,0.13121427863213753,486.2973191253569,1.2789769243681803e-12,362.66969285373085,16.25964844738918,0.37079802423258124,0.18535299776972036,3
112.5,2.6149788173235264,7.090757797398209,6.553911832667442,0.1608262826705466,0.14554472066003232,539.4078160369312,1.2505552149377763e-12,360.4674551569167,16.25964844738918,0.37079802423258124,0.18535299776972036,3
120.0,2.8404872602169764,7.045505524155015,6.3736556630171854,0.1746954904595785,0.15986097177016914,592.4657195468302,4.575895218295045e-12,358.36386806879005,16.25964844738918,0.37079802423258124,0.18535299776972036,3
127.5,3.1058084771613053,6.934390651995547,6.219449318232327,0.19101326127749133,0.17401780047688412,644.9327827289786,3.467448550509289e-12,356.3517346945448,16.25964844738918,0.37079802423258124,0.18535299776972036,3
135.0,3.3999051201052954,6.770188722560604,6.089554604723277,0.20910077675456878,0.18789444009335174,696.3614284091915,1.0231815394945443e-12,354.42514868352646,16.25964844738918,0.37079802423258124,0.18535299776972036,3
142.5,3.70918541348622,6.567077826553096,5.983385207349862,0.22812211626148696,0.20139746486557755,746.4054084948192,4.547473508864641e-13,352.58161283249126,16.25964844738918,0.37079802423258124,0.18535299776972036,3
150.0,4.021116631824361,6.339442405179422,5.899089410385394,0.24730649280858433,0.21446262876027863,794.8266187637023,1.3642420526593924e-12,350.8210705113147,16.25964844738918,0.37079802423258124,0.18535299776972036,3
157.5,4.325993649548906,6.100062877381031,5.83359192045924,0.2660570222994909,0.22705349105766762,841.4900051308407,1.5916157281026244e-12,349.14395961076616,16.25964844738918,0.37079802423258124,0.18535299776972036,3
165.0,4.617354617920873,5.858858918513792,5.783434910954511,0.28397628847026424,0.239156724154438,886.3461737510992,1.7053025658242404e-12,347.549907152413,16.25964844738918,0.37079802423258124,0.18535299776972036,3
172.5,4.891599473803954,5.6226371554049654,5.745411818180259,0.3008428804369015,0.2507759335723183,929.408487160696,2.2737367544323206e-12,346.03728727290104,16.25964844738918,0.37079802423258124,0.18535299776972036,3
180.0,5.147269296834997,5.39554673346358,5.716832417090601,0.3165670717598754,0.2619257449626168,970.7311499408389,2.0463630789890885e-12,344.60333708756355,16.25964844738918,0.37079802423258124,0.18535299776972036,3
0.0,2.749055759803863,11.591212687700684,6.756359554512068,0.13030782737132598,0.0,0.0,0.0,620.5310408544826,21.096628002016615,0.82276161327083,0.08868283976546623,4
7.5,2.7490557423344137,11.591212609410837,6.756359650271366,0.13030782654325768,0.02026897755025805,86.93409513050834,3.510081114654895e-12,439.7550302473079,21.096628002016615,0.82276161327083,0.08868283976546623,4
15.0,2.7484081195673338,11.588310339807327,6.759909542641955,0.13027712861527516,0.040537244535393015,173.86514263141356,2.6716406864579767e-12,403.160752517878,21.096628002016615,0.82276161327083,0.08868283976546623,4
22.5,2.713003968468994,11.429847400068862,6.9537766334787605,0.12859893857016672,0.06072099989312407,260.4337178843651,1.6484591469634324e-12,382.8919026966737,21.096628002016615,0.82276161327083,0.08868283976546623,4
30.0,2.546292969262027,10.687943635470383,7.862391397284207,0.12069668048460769,0.08015605539673545,343.79110282538056,2.0605739337042905e-12,367.6458816908366,21.096628002016615,0.82276161327083,0.08868283976546623,4
37.5,2.2975041812447023,9.590985071626232,9.208138749145682,0.10890385804902496,0.09790839699404202,419.931290428967,3.353761712787673e-12,355.7943971762263,21.096628002016615,0.82276161327083,0.08868283976546623,4
45.0,2.0611450086664465,8.558128755391971,10.477354237958197,0.09770021107019675,0.11376097933516047,487.92336836629056,1.8189894035458565e-12,346.5886561840881,21.096628002016615,0.82276161327083,0.08868283976546623,4
52.5,1.8656058908883997,7.709816026166533,11.521206084961685,0.08843147306337616,0.12796402091906128,548.8405293397941,5.002220859751105e-12,339.32816766481903,21.096628002016615,0.82276161327083,0.08868283976546623,4
60.0,1.7087499627912464,7.033185376728241,12.35469266249713,0.0809963546130646,0.1408373058087887,604.0543343021194,2.1600499167107046e-12,333.4860394956098,21.096628002016615,0.82276161327083,0.08868283976546623,4
67.5,1.5826270453469629,6.491557585225247,13.022443371444405,0.07501800975945921,0.15264961149987874,654.7175759043972,1.9610979506978765e-12,328.69475837480536,21.096628002016615,0.82276161327083,0.08868283976546623,4
75.0,1.4800796046096893,6.0527110030385405,13.563837394368385,0.07015716466480848,0.1636079114667438,701.7179679777489,4.774847184307873e-12,324.69845807063695,21.096628002016615,0.82276161327083,0.08868283976546623,4
82.5,1.3957286057749947,5.6927030537999865,14.008196342441632,0.06615884802261185,0.17387005723538979,745.7325392249925,2.8421709430404007e-12,321.31564322955677,21.096628002016615,0.82276161327083,0.08868283976546623,4
90.0,1.3256790241832537,5.394328142431752,14.37662083540161,0.06283843200233387,0.18355819059893333,787.2851585110415,4.888534022029489e-12,318.4145872536072,21.096628002016615,0.82276161327083,0.08868283976546623,4
97.5,1.2670742226727234,5.1450432664740005,14.684510512869892,0.06006050931701523,0.19276866839544046,826.7891024556038,3.183231456205249e-12,315.89751357904095,21.096628002016615,0.82276161327083,0.08868283976546623,4
105.0,1.2177538176643505,4.935404490316108,14.943469694036157,0.05772267575405634,0.2015787842543129,864.5758851528033,4.320099833421409e-12,313.69041028190634,21.096628002016615,0.82276161327083,0.08868283976546623,4
112.5,1.1760369946190994,4.758075856068676,15.16251515132884,0.05574525912419192,0.21005125269656882,900.9144905769299,4.547473508864641e-12,311.73638420554164,21.096628002016615,0.82276161327083,0.08868283976546623,4
120.0,1.1405936685469626,4.607231045560222,15.34880328790943,0.05406521214849756,0.2182373367995522,936.0247872058804,4.092726157978177e-12,309.99115776913374,21.096628002016615,0.82276161327083,0.08868283976546623,4
127.5,1.1103665547123893,4.478179001356018,15.508082445948208,0.052632418536566604,0.22617913767158168,970.0873476288049,4.547473508864641e-12,308.41988961344776,21.096628002016615,0.82276161327083,0.08868283976546623,4
135.0,1.0845208591573856,4.367107440194722,15.64499970266451,0.05140730827000964,0.23391134771580566,1003.2509683337418,3.637978807091713e-12,306.99485836462986,21.096628002016615,0.82276161327083,0.08868283976546623,4
142.5,1.0624106038521952,4.270893425192018,15.763323972972401,0.05035926138293949,0.2414626142272444,1035.6385182056335,5.002220859751105e-12,305.6937373142198,21.096628002016615,0.82276161327083,0.08868283976546623,4
150.0,1.043555457002076,4.186953268503585,15.866119276510956,0.049465509696730824,0.2488566097293704,1067.3515292237048,5.4569682106375694e-12,304.49830541477024,21.096628002016615,0.82276161327083,0.08868283976546623,4
157.5,1.0276249672338633,4.113119507502467,15.955883527280285,0.048710389505642,0.2561128682601849,1098.4737833110285,2.5011104298755527e-12,303.3935059113234,21.096628002016615,0.82276161327083,0.08868283976546623,4
165.0,1.014429373466453,4.047544646570574,16.034653981979588,0.04808490595603639,0.2632474187142096,1129.0740287524025,5.4569682106375694e-12,302.3667658408858,21.096628002016615,0.82276161327083,0.08868283976546623,4
172.5,1.0039129275292096,3.988621790597761,16.104093283889647,0.047586416532217665,0.27027328270392065,1159.2081155331032,4.547473508864641e-12,301.40749166418897,21.096628002016615,0.82276161327083,0.08868283976546623,4
180.0,0.9961467506487331,3.9349193965589815,16.1655618548089,0.047218292447186914,0.2772008317153704,1188.9205271872847,5.002220859751105e-12,300.5067121416462,21.096628002016615,0.82276161327083,0.08868283976546623,4
0.0,1.7184629202250867,8.875021567295022,0.08748355709931427,0.16089018458310703,0.0,0.0,0.0,462.87826208503327,10.680968044619423,0.5545847870158348,0.012763451220835066,5
7.5,1.718462920225087,8.87502156729502,0.08748355709931428,0.16089018458310705,0.014022660559350872,66.56266175471266,3.254285729781259e-12,397.69294011378224,10.680968044619423,0.5545847870158348,0.012763451220835066,5
15.0,1.7184629202250874,8.87502156729502,0.08748355709931434,0.16089018458310708,0.028045321118701744,133.12532350942533,1.9610979506978765e-12,371.720411126571,10.680968044619423,0.5545847870158348,0.012763451220835066,5
22.5,1.7184629202251092,8.875021567294997,0.08748355709931599,0.16089018458310914,0.04206798167805261,199.68798526413798,8.100187187665142e-13,357.80065301941573,10.680968044619423,0.5545847870158348,0.012763451220835066,5
30.0,1.7184629203058717,8.87502156719997,0.0874835571135794,0.16089018459067048,0.05609064223738671,266.250647018771,3.524291969370097e-12,348.12560612303446,10.680968044619423,0.5545847870158348,0.012763451220835066,5
37.5,1.7184629379288445,8.875021543886566,0.08748356280401248,0.16089018624061202,0.07011330279047621,332.81330874376226,4.092726157978177e-12,340.63425548673933,10.680968044619423,0.5545847870158348,0.012763451220835066,5
45.0,1.71846389528742,8.875020071292068,0.08748407803993302,0.16089027587280375,0.08413596283722448,399.37596806525664,1.9326762412674725e-12,334.47200075466066,10.680968044619423,0.5545847870158348,0.012763451220835066,5
52.5,1.7184930472479545,8.874958408346078,0.08751658902538816,0.16089300520973393,0.09815860056959916,465.938521465047,1.3073986337985843e-12,328.9771799418385,10.680968044619423,0.5545847870158348,0.012763451220835066,5
60.0,1.7190043177199508,8.87172804812705,0.090235678772423,0.16094087263802886,0.11218016371262778,532.4959740120524,6.0254023992456496e-12,323.8824291162174,10.680968044619423,0.5545847870158348,0.012763451220835066,5
67.5,1.7034055746857582,8.72434523497705,0.25321723495661397,0.1594804485482807,0.12614402712991915,598.7795379263456,2.3874235921539366e-12,319.2596564132727,10.680968044619423,0.5545847870158348,0.012763451220835066,5
75.0,1.6169114589141154,8.186306219485036,0.8777503662202704,0.1513824825764403,0.1395400344550592,662.367606729191,1.7053025658242404e-12,315.13323156902186,10.680968044619423,0.5545847870158348,0.012763451220835066,5
82.5,1.5095490696278004,7.556532080365184,1.6148868946264379,0.14133073550278444,0.15202143183640296,721.6142117942002,1.5916157281026244e-12,311.65069165403645,10.680968044619423,0.5545847870158348,0.012763451220835066,5
90.0,1.4013591186665963,6.959532734825968,2.3200761911268586,0.13120150840377584,0.1634856678175894,776.0325626244254,1.2505552149377763e-12,308.67632225973625,10.680968044619423,0.5545847870158348,0.012763451220835066,5
97.5,1.317233012763273,6.5058860879572435,2.8578489438989054,0.12332524610696069,0.1741150918664677,826.4882343293996,4.320099833421409e-12,306.1302568304685,10.680968044619423,0.5545847870158348,0.012763451220835066,5
105.0,1.2540417955981686,6.169173210922962,3.257753038098292,0.11740900172713248,0.1841219667414403,873.9887942057036,2.1600499167107046e-12,303.92967349282605,10.680968044619423,0.5545847870158348,0.012763451220835066,5
112.5,1.205688813712622,5.913294352207386,3.5619848786994153,0.11288197929961903,0.19366316446359697,919.2788812064366,1.6484591469634324e-12,302.00171369772755,10.680968044619423,0.5545847870158348,0.012763451220835066,5
120.0,1.1676161435141545,5.712442864635724,3.8009090364695446,0.10931744563193835,0.20284495695308316,962.8629460986073,1.0231815394945443e-12,300.29229256945086,10.680968044619423,0.5545847870158348,0.012763451220835066,5
127.5,1.1372876353767163,5.552250222336059,3.9914301869066473,0.10647795505292511,0.21174212827293387,1005.0959733212508,2.2737367544323206e-12,298.7625359637778,10.680968044619423,0.5545847870158348,0.012763451220835066,5
135.0,1.1132043718522642,5.423944799305054,4.143818873462104,0.10422317220704026,0.22041182326721148,1046.249217598836,9.094947017729282e-13,297.38229176180755,10.680968044619423,0.5545847870158348,0.012763451220835066,5
142.5,1.0941397838412237,5.320010499838116,4.266817760940083,0.10243826020923269,0.22889858944892372,1086.5341367376614,2.7284841053187847e-12,296.1263709442205,10.680968044619423,0.5545847870158348,0.012763451220835066,5
150.0,1.0790107592749631,5.233331986195024,4.368625299149436,0.1010218132633136,0.2372353704550162,1126.1071073506885,2.0463630789890885e-12,294.9732219794613,10.680968044619423,0.5545847870158348,0.012763451220835066,5
157.5,1.0669956996720948,5.15765786315909,4.456314481788237,0.09989690964477681,0.24544444212030608,1165.0738682063889,2.2737367544323206e-12,293.9043281384079,10.680968044619423,0.5545847870158348,0.012763451220835066,5
165.0,1.0576247043810363,5.087918753069623,4.535424587168763,0.09901955515294503,0.2535391274936348,1203.4976610547724,1.8189894035458565e-12,292.9037458320277,10.680968044619423,0.5545847870158348,0.012763451220835066,5
172.5,1.0507673595632905,5.020029672919961,4.6101710121361705,0.09837753986096967,0.2615255304552952,1241.4074597498104,2.5011104298755527e-12,291.9581638739301,10.680968044619423,0.5545847870158348,0.012763451220835066,5
180.0,1.046601310548497,4.95067962679309,4.6836871072778345,0.09798749571914751,0.2694039009911622,1278.80445092261,7.958078640513122e-13,291.0576363963687,10.680968044619423,0.5545847870158348,0.012763451220835066,5
0.0,2.198227221876171,7.701119110923299,15.791432967015076,0.08556483227786083,0.0,0.0,0.0,536.269200198471,25.69077929981455,0.6316643991220648,0.15161754801707478,6
7.5,2.1982272218377648,7.701119110785387,15.791432967191396,0.0855648322763659,0.01477368521110141,57.758393331873414,1.4566126083082054e-12,496.7295970907667,25.69077929981455,0.6316643991220648,0.15161754801707478,6
15.0,2.198226861952025,7.701117818453558,15.791434619408966,0.08556481826800376,0.0295473699023556,115.5167846313805,1.0942358130705543e-12,468.8776386060766,25.69077929981455,0.6316643991220648,0.15161754801707478,6
22.5,2.1983556915154785,7.701580439387406,15.790843168911664,0.08556983289064132,0.04432121808204788,173.2758150963617,5.258016244624741e-13,449.79426206610225,25.69077929981455,0.6316643991220648,0.15161754801707478,6
30.0,2.201038595525952,7.7112148332832025,15.778525871005392,0.08567426351063785,0.05910185037353372,231.06136835452423,7.958078640513122e-13,436.09170900486635,25.69077929981455,0.6316643991220648,0.15161754801707478,6
37.5,2.2116635020533715,7.749372114480982,15.729743683280196,0.0860878323791967,0.07392592006201244,289.01674208909316,3.353761712787673e-12,425.83018117079814,25.69077929981455,0.6316643991220648,0.15161754801707478,6
45.0,2.2290889368517948,7.811940932375053,15.649749430587704,0.08676610821486001,0.08884970624204273,347.3619619763595,3.979039320256561e-13,417.7724734313159,25.69077929981455,0.6316643991220648,0.15161754801707478,6
52.5,2.246885945539624,7.875615668802393,15.56827768547253,0.0874588473676952,0.1038979494666459,406.19375233203954,6.963318810448982e-13,411.1899374838711,25.69077929981455,0.6316643991220648,0.15161754801707478,6
60.0,2.2616960070412686,7.927118688631782,15.501964604141499,0.08803532118068504,0.11905771171595977,465.4615313798563,1.6768808563938364e-12,405.6593825406121,25.69077929981455,0.6316643991220648,0.15161754801707478,6
67.5,2.2741655539273227,7.964256402043643,15.452357343843584,0.08852069169983251,0.13430256692665957,525.0619852250086,2.2737367544323206e-12,400.9126909190028,25.69077929981455,0.6316643991220648,0.15161754801707478,6
75.0,2.2877481221941673,7.987034349659651,15.41599682796073,0.08904938598770655,0.14960512367003104,584.8880258328596,3.751665644813329e-12,396.7622479906356,25.69077929981455,0.6316643991220648,0.15161754801707478,6
82.5,2.3090531503801213,7.992796729797156,15.388929419637272,0.08987867294460737,0.16493594116617305,644.8245531372289,9.094947017729282e-13,393.0680997107956,25.69077929981455,0.6316643991220648,0.15161754801707478,6
90.0,2.348471506981274,7.974323780035654,15.36798401279762,0.09141301163247416,0.1802562828905928,704.720124936256,3.524291969370097e-12,389.7242271130196,25.69077929981455,0.6316643991220648,0.15161754801707478,6
97.5,2.4191719265277793,7.920312257247217,15.351295116039553,0.09416498807979881,0.1955093424197098,764.3526539368884,6.821210263296962e-13,386.65299643562287,25.69077929981455,0.6316643991220648,0.15161754801707478,6
105.0,2.5333158729806686,7.819255546403633,15.338207880430247,0.09860798084077409,0.21061555512342353,823.4110786040397,2.3021584638627246e-12,383.80059438259616,25.69077929981455,0.6316643991220648,0.15161754801707478,6
112.5,2.696710974066429,7.6652814843868535,15.328786841361268,0.10496804875381475,0.22547777286812307,881.5155938970325,2.8421709430404007e-12,381.1314144855975,25.69077929981455,0.6316643991220648,0.15161754801707478,6
120.0,2.9059735542411333,7.461454329566397,15.323351416007018,0.11311348403752432,0.2399959719442546,938.2751525804364,1.9326762412674725e-12,378.6228313426714,25.69077929981455,0.6316643991220648,0.15161754801707478,6
127.5,3.150589506020694,7.218044260926758,15.322145532867097,0.12263503061751951,0.2540834678412715,993.3508576231862,1.9326762412674725e-12,376.2606922593196,25.69077929981455,0.6316643991220648,0.15161754801707478,6
135.0,3.417289004590902,6.948306120400169,15.325184174823479,0.1330161675794541,0.26767678685157203,1046.4945556825303,2.3874235921539366e-12,374.0354414644048,25.69077929981455,0.6316643991220648,0.15161754801707478,6
142.5,3.6934183307381594,6.665129640558847,15.332231328517544,0.14376435559371376,0.2807379311996777,1097.5576927294323,4.092726157978177e-12,371.9394985160857,25.69077929981455,0.6316643991220648,0.15161754801707478,6
150.0,3.9686511522604935,6.3793108748545,15.342817272699554,0.15447764763948368,0.29325181072000667,1146.4812730761773,7.275957614183426e-12,369.965942291132,25.69077929981455,0.6316643991220648,0.15161754801707478,6
157.5,4.235570853371814,6.0989072187708055,15.35630122767193,0.16486735586889684,0.30522147381149395,1193.277214576855,5.4569682106375694e-12,368.1079817040268,25.69077929981455,0.6316643991220648,0.15161754801707478,6
165.0,4.489532749910563,5.829268038822971,15.371978511081014,0.17475268840688574,0.31666280949393366,1238.0076360760067,8.640199666842818e-12,366.35877164551175,25.69077929981455,0.6316643991220648,0.15161754801707478,6
172.5,4.728124139484345,5.573477566539535,15.38917759379067,0.18403973208856592,0.3275997235237053,1280.7659982139626,7.73070496506989e-12,364.7114137943504,25.69077929981455,0.6316643991220648,0.15161754801707478,6
180.0,4.950511461488043,5.332948361795371,15.407319476531136,0.19269604100813625,0.3380603413441117,1321.662258688731,9.094947017729282e-12,363.1590513968699,25.69077929981455,0.6316643991220648,0.15161754801707478,6
0.0,0.9770775155836253,3.1438108615769527,9.742260826086131,0.07048019907012158,0.0,0.0,0.0,349.4663842879673,13.863149203246708,0.9706980243949033,0.17862422426443955,7
7.5,0.9770775155836262,3.143810861576955,9.742260826086127,0.07048019907012164,0.006293153785974544,23.578581461827167,2.177813485104707e-12,307.62950517094185,13.863149203246708,0.9706980243949033,0.17862422426443955,7
15.0,0.9770775155648812,3.143810861515926,9.7422608261659,0.0704801990687695,0.012586307571937868,47.15716292361229,9.237055564881302e-13,291.4671866147604,13.863149203246708,0.9706980243949033,0.17862422426443955,7
22.5,0.9770774923823304,3.143810786040172,9.742260924824206,0.07048019739652674,0.018879461333270335,70.7357442931129,4.831690603168681e-13,281.961512852494,13.863149203246708,0.9706980243949033,0.17862422426443955,7
30.0,0.9770755932237483,3.14380460292307,9.742269007099889,0.07048006040322498,0.025172612064339926,94.31431430911691,1.0906830993917538e-12,275.5435712511987,13.863149203246708,0.9706980243949033,0.17862422426443955,7
37.5,0.9770378914487686,3.1436818567722216,9.742429455025716,0.07047734083536727,0.03146567997917697,117.89257403725068,2.1884716261411086e-12,270.82348647020535,13.863149203246708,0.9706980243949033,0.17862422426443955,7
45.0,0.9767326297629877,3.1426880153966827,9.743728558087037,0.07045532118591351,0.03775787800901431,141.46757456419127,1.4637180356658064e-12,267.12777539235753,13.863149203246708,0.9706980243949033,0.17862422426443955,7
52.5,0.9754041542847962,3.1383629545022043,9.749382094459708,0.07035949335785548,0.04404539613943972,165.02504089551704,1.4495071809506044e-12,264.08831710744755,13.863149203246708,0.9706980243949033,0.17862422426443955,7
60.0,0.9717016904403183,3.1263095051732415,9.76513800763315,0.07009242100725199,0.05031745973123711,188.5246036525161,1.6200374375330284e-12,261.49285893789795,13.863149203246708,0.9706980243949033,0.17862422426443955,7
67.5,0.9642224171742568,3.1019627504693936,9.796964035603057,0.0695529134858073,0.05655390731234277,211.89072377677485,2.2737367544323206e-12,259.2176723032601,13.863149203246708,0.9706980243949033,0.17862422426443955,7
75.0,0.952218948987196,3.0628945568057553,9.848035697453758,0.06868705912536735,0.06272725346182781,235.02042154486287,7.958078640513122e-13,257.19002673306653,13.863149203246708,0.9706980243949033,0.17862422426443955,7
82.5,0.9358386766648412,3.00959225617884,9.917718270403029,0.06750548976603891,0.06880805847620658,257.8033951160091,2.2737367544323206e-13,255.3653337036935,13.863149203246708,0.9706980243949033,0.17862422426443955,7
90.0,0.9158761398148536,2.9446502314580094,10.002622831973845,0.06606551847543833,0.07477014627168575,280.14157046484206,4.092726157978177e-12,253.71375994103954,13.863149203246708,0.9706980243949033,0.17862422426443955,7
97.5,0.8933828996424306,2.8714976210955454,10.098268682508733,0.06444299823543723,0.08059355650623792,301.9601621075637,1.2505552149377763e-12,252.21309705878423,13.863149203246708,0.9706980243949033,0.17862422426443955,7
105.0,0.8693768320366557,2.7934509297200667,10.200321441489987,0.06271135218201722,0.08626519859013908,323.2101234855346,3.979039320256561e-12,250.845319214576,13.863149203246708,0.9706980243949033,0.17862422426443955,7
112.5,0.8447003550914987,2.7132526741126584,10.30519617404255,0.060931347034313986,0.0917780944758159,343.86530992332695,1.4210854715202004e-12,249.5950412254497,13.863149203246708,0.9706980243949033,0.17862422426443955,7
120.0,0.8199855717872278,2.632958667895581,10.4102049635639,0.05914857870787321,0.09713007346444834,363.9175884560238,1.1937117960769683e-12,248.44884139639976,13.863149203246708,0.9706980243949033,0.17862422426443955,7
127.5,0.7956736339480117,2.5540018982677335,10.513473671030964,0.057394869108215854,0.10232245502463458,383.37190274127073,1.0231815394945443e-12,247.39493166517218,13.863149203246708,0.9706980243949033,0.17862422426443955,7
135.0,0.772052799942498,2.4773170982419837,10.613779305062225,0.05569101137291991,0.10735891093864157,402.2420098586237,3.467448550509289e-12,246.42296386770352,13.863149203246708,0.9706980243949033,0.17862422426443955,7
142.5,0.749297481779529,2.403468320478416,10.710383400988764,0.054049586482416694,0.11224459229393645,420.547209405644,4.774847184307873e-12,245.52387386041767,13.863149203246708,0.9706980243949033,0.17862422426443955,7
150.0,0.7275011991964249,2.3327564870892483,10.802891516961036,0.052477340359724775,0.11698551292352305,438.310033431635,4.092726157978177e-12,244.68973447230235,13.863149203246708,0.9706980243949033,0.17862422426443955,7
157.5,0.7067020373685008,2.2653024024118906,10.891144763466317,0.050977020228779854,0.12158809432457629,455.55454138268595,3.410605131648481e-12,243.91362565977033,13.863149203246708,0.9706980243949033,0.17862422426443955,7
165.0,0.6869013205620238,2.2011075931550823,10.975140289529602,0.04954872161378408,0.12605887235791313,472.3052211915468,3.865352482534945e-12,243.1895082369698,13.863149203246708,0.9706980243949033,0.17862422426443955,7
172.5,0.6680768537719295,2.140097414657933,11.054974934816848,0.04819084350729399,0.13040431089614749,488.5862910725135,2.8421709430404007e-12,242.51210819771276,13.863149203246708,0.9706980243949033,0.17862422426443955,7
180.0,0.6501921717787223,2.0821511332687614,11.130805898199224,0.04690075553875228,0.1346306680158147,504.42119818298943,3.410605131648481e-12,241.87681761889007,13.863149203246708,0.9706980243949033,0.17862422426443955,7
0.0,3.1023512082496234,12.909980023005582,8.447256195588839,0.12683579465632513,0.0,0.0,0.0,674.5756713186706,24.459587426844045,0.19463870785196757,0.09334420074540684,8
7.5,3.1023513020657676,12.909980436259755,8.44725568851852,0.12683579849188223,0.022723953742434785,96.82485032778469,3.197442310920451e-13,621.8873752862193,24.459587426844045,0.19463870785196757,0.09334420074540684,8
15.0,3.1039940862296604,12.917217126487671,8.43837621412671,0.12690296169194873,0.04544986307368323,193.6580332545674,2.4158453015843406e-12,571.3645783003989,24.459587426844045,0.19463870785196757,0.09334420074540684,8
22.5,3.158090975528073,13.155881160812394,8.145615290503578,0.12911464614738816,0.0683212192937477,291.1109531074095,1.0231815394945443e-12,542.687911695137,24.459587426844045,0.19463870785196757,0.09334420074540684,8
30.0,3.328460387088145,13.911924270003983,7.2192027697519165,0.13607998896315018,0.09208499392200512,392.3663925297966,4.206412995699793e-12,524.339488704486,24.459587426844045,0.19463870785196757,0.09334420074540684,8
37.5,3.511932969657777,14.727190559577803,6.220463897608461,0.14358103873017422,0.11731013718568642,499.8486004539346,8.526512829121202e-13,510.6524378651425,24.459587426844045,0.19463870785196757,0.09334420074540684,8
45.0,3.6572720294992775,15.29045562429772,5.511859773047044,0.14952304655333123,0.1437654644763455,612.5725187616544,2.6147972675971687e-12,499.5853074772914,24.459587426844045,0.19463870785196757,0.09334420074540684,8
52.5,3.840531366071314,15.56118120963297,5.057874851139757,0.1570153780213147,0.1709611211278455,728.4509180355464,4.064304448547773e-12,490.1859667231736,24.459587426844045,0.19463870785196757,0.09334420074540684,8
60.0,4.237293319673231,15.465364147333732,4.75692995983708,0.173236500098234,0.19833069109213985,845.070347267173,2.2737367544323206e-12,481.8854272347341,24.459587426844045,0.19463870785196757,0.09334420074540684,8
67.5,4.986726156796911,14.925463675915971,4.547397594131161,0.20387613534822138,0.2251456964322001,959.3268234076622,3.126388037344441e-13,474.38651324078063,24.459587426844045,0.19463870785196757,0.09334420074540684,8
75.0,6.022175288902601,14.03546283920453,4.401949298736913,0.24620919330361846,0.2506798024665109,1068.125495639118,1.9895196601282805e-12,467.56732337858864,24.459587426844045,0.19463870785196757,0.09334420074540684,8
82.5,7.166964237529228,12.986778252237709,4.305844937077105,0.29301247451392365,0.27448174692525523,1169.5435734899152,1.4210854715202004e-12,461.3853199563287,24.459587426844045,0.19463870785196757,0.09334420074540684,8
90.0,8.276065461486747,11.936034085966455,4.247487879390844,0.33835670721100897,0.29641842707591054,1263.013917442838,2.9558577807620168e-12,455.80464153067174,24.459587426844045,0.19463870785196757,0.09334420074540684,8
97.5,9.27578761707787,10.967690841497186,4.216108968268987,0.3792291118899997,0.3165700657516946,1348.878350224126,2.8421709430404007e-12,450.77851329182283,24.459587426844045,0.19463870785196757,0.09334420074540684,8
105.0,10.147798567089051,10.109101193349801,4.202687666405192,0.41488020177936397,0.3351116599747848,1427.8825193857936,2.0463630789890885e-12,446.2512282471018,24.459587426844045,0.19463870785196757,0.09334420074540684,8
112.5,10.900423535629436,9.358477596403594,4.200686294811015,0.44565034337686243,0.3522373838968628,1500.8537846112479,2.9558577807620168e-12,442.16456235358976,24.459587426844045,0.19463870785196757,0.09334420074540684,8
120.0,11.550324539602238,8.703556141847239,4.205706745394568,0.47222074264940067,0.36812729572168534,1568.5593587203462,2.2737367544323206e-12,438.4632656849576,24.459587426844045,0.19463870785196757,0.09334420074540684,8
127.5,12.11477166039405,8.129949637642106,4.2148661288078895,0.49529746552872195,0.3829373172970433,1631.6636115558672,2.9558577807620168e-12,435.0977016738286,24.459587426844045,0.19463870785196757,0.09334420074540684,8
135.0,12.609139541209991,7.624133576455901,4.226314309178153,0.5155090852992738,0.39679857369088567,1690.7252559730784,4.092726157978177e-12,432.02447967489695,24.459587426844045,0.19463870785196757,0.09334420074540684,8
142.5,13.046316803393033,7.174356611365484,4.238914012085528,0.533382537314382,0.40981985048260033,1746.2078181506295,4.320099833421409e-12,429.20620153471737,24.459587426844045,0.19463870785196757,0.09334420074540684,8
150.0,13.436733295019707,6.770836768017734,4.252017363806602,0.5493442330214076,0.4220909885248384,1798.4941023843685,3.865352482534945e-12,426.6109089730372,24.459587426844045,0.19463870785196757,0.09334420074540684,8
157.5,13.788600869901508,6.4057017967751175,4.265284760167419,0.563729903913617,0.43368629802566067,1847.9007382034204,7.73070496506989e-12,424.2114926375567,24.459587426844045,0.19463870785196757,0.09334420074540684,8
165.0,14.108239197230919,6.072787298129618,4.278560931483506,0.5767979218548605,0.4446677253009768,1894.6916736352407,4.547473508864641e-12,421.98509456070366,24.459587426844045,0.19463870785196757,0.09334420074540684,8
172.5,14.400437851234333,5.767363690615982,4.291785884993731,0.5887441026674906,0.4550876907353244,1939.0902675171385,5.229594535194337e-12,419.9124863898653,24.459587426844045,0.19463870785196757,0.09334420074540684,8
180.0,14.668811355623319,5.485843739364791,4.304932331855932,0.599716221685919,0.4649913081929468,1981.2887462196911,7.048583938740194e-12,417.97748563419384,24.459587426844045,0.19463870785196757,0.09334420074540684,8
0.0,0.5805218407089437,2.1289988800700734,3.3855734239017012,0.09524411386091122,0.0,0.0,0.0,288.8041113904178,6.095094144680719,0.15428949206754783,0.13660979064849094,9
7.5,0.5805218407089439,2.128998880070073,3.3855734239017026,0.09524411386091124,0.003991835428353306,15.96749160052558,1.3535839116229909e-12,304.74963908541804,6.095094144680719,0.15428949206754783,0.13660979064849094,9
15.0,0.5805218407089463,2.128998880070082,3.385573423901691,0.09524411386091164,0.007983670856706612,31.93498320105116,1.7976731214730535e-12,304.80224012088973,6.095094144680719,0.15428949206754783,0.13660979064849094,9
22.5,0.5805218407159916,2.1289988800967485,3.3855734238679793,0.09524411386206753,0.011975506285066021,47.90247480160115,1.5418777365994174e-12,302.1915497034387,6.095094144680719,0.15428949206754783,0.13660979064849094,9
30.0,0.580521842559365,2.1289988870740912,3.385573415047264,0.09524411416450314,0.015967341715884095,63.8699664119859,3.581135388230905e-12,299.0952290833889,6.095094144680719,0.15428949206754783,0.13660979064849094,9
37.5,0.58052193203292,2.1289992257399053,3.3855729869078948,0.09524412884410494,0.019959177311121064,79.83745868005239,2.2311041902867146e-12,296.094131030183,6.095094144680719,0.15428949206754783,0.13660979064849094,9
45.0,0.5805235395523781,2.12900531035271,3.3855652947756316,0.09524439258399475,0.023951016687904076,95.80496607444505,1.3606893389805919e-12,293.36132032876907,6.095094144680719,0.15428949206754783,0.13660979064849094,9
52.5,0.5805385838007779,2.1290622543012723,3.3854933065786694,0.09524686083929035,0.027942899008082823,111.77264524403311,3.879563337250147e-12,290.9381603870587,6.095094144680719,0.15428949206754783,0.13660979064849094,9
60.0,0.5806275064344051,2.129398836877976,3.385067801368338,0.09526145005342164,0.03193507744674037,127.74150889865517,4.334310688136611e-12,288.8215956901913,6.095094144680719,0.15428949206754783,0.13660979064849094,9
67.5,0.5810009321127128,2.130812328909612,3.3832808836583945,0.09532271665069539,0.0359286654315358,143.71601079075495,1.0871303857129533e-12,286.995652583252,6.095094144680719,0.15428949206754783,0.13660979064849094,9
75.0,0.5822024856972481,2.135360809947061,3.37753084903641,0.09551985119136264,0.03992728868077595,159.71065392969984,1.1652900866465643e-12,285.43996042362573,6.095094144680719,0.15428949206754783,0.13660979064849094,9
82.5,0.5853131987947289,2.147138981127147,3.362641964758843,0.096030214612114,0.04394018047544307,175.76237178611396,1.6768808563938364e-12,284.1277955977602,6.095094144680719,0.15428949206754783,0.13660979064849094,9
90.0,0.5919913067108133,2.1724370972680065,3.3306657407019,0.0971258675680101,0.047986318342269865,191.94707517950425,1.7124079931818414e-12,283.02363368355805,6.095094144680719,0.15428949206754783,0.13660979064849094,9
97.5,0.6040873829494047,2.218303485948675,3.272703275782639,0.09911042694502116,0.052097543872693365,208.39213167122028,6.423306331271306e-12,282.08474183731,6.095094144680719,0.15428949206754783,0.13660979064849094,9
105.0,0.6228109231910637,2.289409917185308,3.182873304304347,0.10218233031471716,0.056317301900069665,225.27132222597126,1.9682033780554775e-12,281.26654864625203,6.095094144680719,0.15428949206754783,0.13660979064849094,9
112.5,0.6480270549145467,2.3853775488954985,3.061689540870674,0.10631944963148596,0.06069343061642684,242.77600140811802,5.172751116333529e-12,280.5295402999993,6.095094144680719,0.15428949206754783,0.13660979064849094,9
120.0,0.678347759966685,2.5010684029532793,2.9156779817607554,0.11129405778886767,0.065268448384673,261.0762442657903,9.663381206337363e-13,279.8440917903294,6.095094144680719,0.15428949206754783,0.13660979064849094,9
127.5,0.7117731113910222,2.628955664266743,2.7543653690229544,0.11677803402137722,0.07007267495086142,280.29333092165984,3.410605131648481e-12,279.19084583575284,6.095094144680719,0.15428949206754783,0.13660979064849094,9
135.0,0.7462536183618477,2.7612153892392657,2.5876251370796064,0.12243512579918302,0.07512180374608393,300.4900356893574,1.1937117960769683e-12,278.5582887141826,6.095094144680719,0.15428949206754783,0.13660979064849094,9
142.5,0.7800561456662081,2.891080623204787,2.423957375809724,0.1279809839109663,0.08041766079324894,321.67366272908095,4.263256414560601e-12,277.94015463382163,6.095094144680719,0.15428949206754783,0.13660979064849094,9
150.0,0.8119907387988394,3.0136590115151245,2.2694443943667557,0.13322037683494617,0.08595097867135115,343.8071420088323,2.6716406864579767e-12,277.3335138703052,6.095094144680719,0.15428949206754783,0.13660979064849094,9
157.5,0.8414661152935454,3.126080991997928,2.1275470373892458,0.1380562950004481,0.0917051779531449,366.82415519709735,3.126388037344441e-12,276.737387257222,6.095094144680719,0.15428949206754783,0.13660979064849094,9
165.0,0.8684070257556069,3.2270998452271407,1.9995872736979723,0.1424763925120794,0.09765988823970696,390.64321993330714,1.3642420526593924e-12,276.1517501791012,6.095094144680719,0.15428949206754783,0.13660979064849094,9
172.5,0.893128113366078,3.316510895359511,1.8854551359551306,0.1465322917358913,0.10379344601470356,415.17768133869555,2.6716406864579767e-12,275.576896940397,6.095094144680719,0.15428949206754783,0.13660979064849094,9
180.0,0.9162266128235277,3.3946472923915696,1.7842202394656221,0.15032197880374537,0.11008432004050461,440.3414136542785,7.958078640513122e-13,275.0131049559759,6.095094144680719,0.15428949206754783,0.13660979064849094,9
0.0,3.459714156357359,15.568205470330719,4.591134271007351,0.14647979429417077,0.0,0.0,0.0,729.2425190152396,23.61905389769543,0.96750973243421,0.0651650716276304,10
7.5,3.4597140647462963,15.568205017589431,4.591134815359704,0.14647979041547762,0.026352087029428584,116.7615408713151,5.7980287238024175e-12,435.1334903226062,23.61905389769543,0.96750973243421,0.0651650716276304,10
15.0,3.4566882651628514,15.553255677118099,4.60910995541448,0.14635168199942714,0.05270056573301856,233.50709387478463,3.922195901395753e-12,382.5491507911631,23.61905389769543,0.96750973243421,0.0651650716276304,10
22.5,3.322066023987487,14.894452425965152,5.402535447742789,0.14065195152933832,0.07868450808000854,348.6374493171389,2.2168933355715126e-12,353.2081452534053,23.61905389769543,0.96750973243421,0.0651650716276304,10
30.0,2.897395177322777,12.862574335431805,7.85908438494085,0.12267194062356084,0.10229111788499787,453.2342553500088,5.059064278611913e-12,332.6159778990752,23.61905389769543,0.96750973243421,0.0651650716276304,10
37.5,2.4675632786341146,10.84887297354074,10.302617645520577,0.10447341749259825,0.12230833761131898,541.9270946152569,4.092726157978177e-12,318.3434156821785,23.61905389769543,0.96750973243421,0.0651650716276304,10
45.0,2.1388889753957963,9.330724134278263,12.14944078802137,0.09055777528855603,0.13933245406254618,617.3580108306659,5.5706550483591855e-12,308.13132111333334,23.61905389769543,0.96750973243421,0.0651650716276304,10
52.5,1.8926312271360797,8.204322094932134,13.522100575627217,0.08013154275077666,0.15413598276876653,682.9498867280381,5.9117155615240335e-12,300.47677674636145,23.61905389769543,0.96750973243421,0.0651650716276304,10
60.0,1.7024768770899108,7.340801169426778,14.575775851178742,0.07208065507043979,0.1672686198783117,741.1383308881499,3.296918293926865e-12,294.50297677818435,23.61905389769543,0.96750973243421,0.0651650716276304,10
67.5,1.5503134421801117,6.653605199930927,15.415135255584392,0.06563825328885758,0.17909706454583887,793.5481238563203,4.433786671143025e-12,289.6879773976243,23.61905389769543,0.96750973243421,0.0651650716276304,10
75.0,1.4249013185864525,6.089666461545284,16.10448611756369,0.06032846720949664,0.1898715102373693,841.28782961748,3.979039320256561e-12,285.7072493114552,23.61905389769543,0.96750973243421,0.0651650716276304,10
82.5,1.319329411642725,5.6166141981965945,16.683110287856113,0.05585869007951479,0.1997712484944774,885.1518579895703,3.410605131648481e-12,282.34960974822593,23.61905389769543,0.96750973243421,0.0651650716276304,10
90.0,1.229135025760237,5.213687448138566,17.176231423796626,0.05203997717623087,0.20893151602208412,925.7394194272052,3.069544618483633e-12,279.47124167136934,23.61905389769543,0.96750973243421,0.0651650716276304,10
97.5,1.1512119454455938,4.8665250644403155,17.60131688780952,0.04874081537863464,0.21745828832903716,963.520073084992,2.5011104298755527e-12,276.97021231729275,23.61905389769543,0.96750973243421,0.0651650716276304,10
105.0,1.083258566143875,4.564540738575061,17.971254592976493,0.045863757745587395,0.22543664991615306,998.8708136733879,4.320099833421409e-12,274.7719913977312,23.61905389769543,0.96750973243421,0.0651650716276304,10
112.5,1.023505118958444,4.299626452317767,18.29592232641922,0.04333387456549689,0.2329359752655013,1032.0990275263307,4.092726157978177e-12,272.8207865868326,23.61905389769543,0.96750973243421,0.0651650716276304,10
120.0,0.9705641032185464,4.065444347340171,18.583045447136712,0.04109242086590296,0.2400134768545445,1063.4582132383773,4.092726157978177e-12,271.07403037454685,23.61905389769543,0.96750973243421,0.0651650716276304,10
127.5,0.9233369728088314,3.856987963021803,18.838728961864796,0.03909288563412456,0.2467168069814135,1093.1595099025947,4.320099833421409e-12,269.4987177189859,23.61905389769543,0.96750973243421,0.0651650716276304,10
135.0,0.8809453601721562,3.670261890714709,19.067846646808565,0.037298079931055675,0.2530860335019334,1121.3804512596814,3.865352482534945e-12,268.06885805617964,23.61905389769543,0.96750973243421,0.0651650716276304,10
142.5,0.8426773544335799,3.502033441299745,19.274343101962106,0.03567786237685846,0.25915512946591257,1148.271566018779,2.0463630789890885e-12,266.7636981908122,23.61905389769543,0.96750973243421,0.0651650716276304,10
150.0,0.8079515811557184,3.34966685170726,19.46143546483245,0.03420761833455794,0.2649531171774692,1173.9614469909495,4.547473508864641e-12,265.5664523236518,23.61905389769543,0.96750973243421,0.0651650716276304,10
157.5,0.7762906102117199,3.2110008388364646,19.631762448647244,0.032867134033995514,0.2705049718389347,1198.5607549790561,5.4569682106375694e-12,264.4633784374851,23.61905389769543,0.96750973243421,0.0651650716276304,10
165.0,0.7472997513248281,3.0842512414729955,19.787502904897607,0.031639698802573286,0.2758323391279415,1222.1653982377559,5.229594535194337e-12,263.4431001409873,23.61905389769543,0.96750973243421,0.0651650716276304,10
172.5,0.7206502623211904,2.967934080718562,19.930469554655676,0.030511394124533756,0.28095410542826704,1244.859059067767,7.503331289626658e-12,262.4961023998982,23.61905389769543,0.96750973243421,0.0651650716276304,10
180.0,0.6960662152979257,2.8608054707199417,20.062182211677566,0.029470537571610462,0.2858868547023927,1266.715218139175,8.86757334228605e-12,261.614351592338,23.61905389769543,0.96750973243421,0.0651650716276304,10
0.0,2.26776587102762,10.976083969311995,1.0176428105321058,0.15901322018274186,0.0,0.0,0.0,546.9067292493036,14.261492650871721,0.4695558112758079,0.037894271816857145,11
7.5,2.26776587102762,10.976083969311995,1.0176428105321056,0.15901322018274186,0.01791424246199884,82.32062976983997,3.467448550509289e-12,456.4434566661641,14.261492650871721,0.4695558112758079,0.037894271816857145,11
15.0,2.267765868713285,10.976083955135199,1.017642827023237,0.15901322002046328,0.035828484922231625,164.64125953156446,3.353761712787673e-12,425.2629019827367,14.261492650871721,0.4695558112758079,0.037894271816857145,11
22.5,2.2677614466406797,10.976056868581232,1.0176743356498115,0.15901290994965137,0.05374272074946272,246.9618588129113,5.6559201766503975e-12,406.7960833337767,14.261492650871721,0.4695558112758079,0.037894271816857145,11
30.0,2.267358670767668,10.973592799400064,1.0205411807039895,0.15898466775348916,0.07165601908597372,329.2781500791887,4.718003765447065e-12,393.3412099170321,14.261492650871721,0.4695558112758079,0.037894271816857145,11
37.5,2.258610715404557,10.920966621010743,1.081915314456423,0.1583712708547728,0.08954147308711635,411.46648934147225,3.353761712787673e-12,382.41356817479505,14.261492650871721,0.4695558112758079,0.037894271816857145,11
45.0,2.1969092233706617,10.570088473101237,1.494494954399825,0.15404483087093815,0.10714874190133411,492.37649490759895,4.092726157978177e-12,373.1817347066162,14.261492650871721,0.4695558112758079,0.037894271816857145,11
52.5,2.0702833889683268,9.88671092868762,2.3044983332157747,0.14516596822295333,0.12387637248021624,569.2443327038037,7.617018127348274e-12,365.5976052320317,14.261492650871721,0.4695558112758079,0.037894271816857145,11
60.0,1.9395024986611773,9.202168372204895,3.1198217800056494,0.13599575767706382,0.1394502355880808,640.8103071907673,5.343281372915953e-12,359.49420049358577,14.261492650871721,0.4695558112758079,0.037894271816857145,11
67.5,1.8352290412459813,8.665851401427318,3.7604122081984226,0.12868421883832787,0.15401755901322456,707.7509685646768,5.115907697472721e-12,354.53291930677415,14.261492650871721,0.4695558112758079,0.037894271816857145,11
75.0,1.7589020961460937,8.2767475589605,4.225842995765129,0.12333225835505951,0.16783177934056265,771.2309242221995,3.637978807091713e-12,350.41797539883373,14.261492650871721,0.4695558112758079,0.037894271816857145,11
82.5,1.7038179104330022,7.9958979657863996,4.561776774652319,0.11946981652925774,0.18110282160416155,832.2148346029529,5.115907697472721e-12,346.9330863276899,14.261492650871721,0.4695558112758079,0.037894271816857145,11
90.0,1.664110261942676,7.789602293628434,4.807780095300612,0.11668556038844634,0.1939791926422844,891.3851274722684,3.979039320256561e-12,343.9253299035372,14.261492650871721,0.4695558112758079,0.037894271816857145,11
97.5,1.6358070980543493,7.632222348388554,4.993463204428819,0.11470097402142279,0.20656115973636233,949.2025572142757,4.092726157978177e-12,341.28250421608845,14.261492650871721,0.4695558112758079,0.037894271816857145,11
105.0,1.6168064320434774,7.50382281280271,5.1408634060255345,0.11336866845734071,0.21891188381686988,1005.9573648249049,2.7569058147491887e-12,338.9196423125337,14.261492650871721,0.4695558112758079,0.037894271816857145,11
112.5,1.6071256853619427,7.389267595248857,5.265099370260921,0.11268986526902627,0.23106590149429612,1061.8082550627641,1.6200374375330284e-12,336.7726717261205,14.261492650871721,0.4695558112758079,0.037894271816857145,11
120.0,1.6091014715507743,7.277626107254539,5.374765072066408,0.11282840519869562,0.24303651221209943,1116.816342349153,6.139089236967266e-12,334.7951455539778,14.261492650871721,0.4695558112758079,0.037894271816857145,11
127.5,1.627132231483238,7.161144471833387,5.473215947555096,0.11409270202749647,0.254821899306176,1170.9732786373468,3.410605131648481e-12,332.9549806693452,14.261492650871721,0.4695558112758079,0.037894271816857145,11
135.0,1.6666450671363517,7.033992801514085,5.560854782221284,0.11686329810887498,0.2664092868904363,1224.220355389098,2.5011104298755527e-12,331.2302022768212,14.261492650871721,0.4695558112758079,0.037894271816857145,11
142.5,1.732331006899713,6.891745635763764,5.637416008208246,0.12146912313514574,0.2777774861817273,1276.4602046036712,3.183231456205249e-12,329.6049140233137,14.261492650871721,0.4695558112758079,0.037894271816857145,11
150.0,1.8263065809357975,6.73198226809672,5.703203801839204,0.12805858584684443,0.28889958217750156,1327.5691448044613,2.2737367544323206e-12,328.0669324028942,14.261492650871721,0.4695558112758079,0.037894271816857145,11
157.5,1.9472612074823297,6.554969954692193,5.759261488697197,0.13653978970870942,0.29974681937256564,1377.415036923802,3.865352482534945e-12,326.6069635327199,14.261492650871721,0.4695558112758079,0.037894271816857145,11
165.0,2.0910685592613176,6.363368974005298,5.807055117605106,0.14662340124219064,0.31029293147152315,1425.8771804641235,6.59383658785373e-12,325.21814862303927,14.261492650871721,0.4695558112758079,0.037894271816857145,11
172.5,2.2521906089446473,6.161167478305773,5.848134563621301,0.157921100131618,0.3205172099988716,1472.8604145639742,2.7284841053187847e-12,323.895414308778,14.261492650871721,0.4695558112758079,0.037894271816857145,11
180.0,2.4248655534343717,5.952695541582497,5.883931555854852,0.17002887515327184,0.3304058332289904,1518.3012247789109,7.048583938740194e-12,322.63477423064995,14.261492650871721,0.4695558112758079,0.037894271816857145,11
0.0,1.2909742354744547,6.1261947571819775,0.8308686407303583,0.156518955520861,0.0,0.0,0.0,397.48407685958557,8.24803763338679,0.47570492622593374,0.04538186981017683,12
7.5,1.2909742354744544,6.126194757181976,0.8308686407303592,0.15651895552086098,0.010097870972406959,45.94646067886482,1.2434497875801753e-12,359.6127483815322,8.24803763338679,0.47570492622593374,0.04538186981017683,12
15.0,1.2909742354743596,6.126194757181439,0.83086864073099,0.1565189555208495,0.02019574194481387,91.89292135772942,1.7905676941154525e-12,342.68251304451474,8.24803763338679,0.47570492622593374,0.04538186981017683,12
22.5,1.2909742345135935,6.126194751792328,0.8308686470808696,0.15651895540436528,0.030293612916175466,137.83938203183772,1.1119993814645568e-12,332.4602333884114,8.24803763338679,0.47570492622593374,0.04538186981017683,12
30.0,1.290974019528792,6.126193545903314,0.8308700679546841,0.15651892933940156,0.04039148350964029,183.78584098647272,1.2647660696529783e-12,325.14290685830855,8.24803763338679,0.47570492622593374,0.04538186981017683,12
37.5,1.2909656087607189,6.1261463692746,0.830925655351471,0.15651790960980685,0.0504893331565245,229.73220463178512,7.389644451905042e-13,319.3602186885569,8.24803763338679,0.47570492622593374,0.04538186981017683,12
45.0,1.2908456784078612,6.12547380510598,0.8317181498729491,0.15650336913870472,0.060586792993319365,275.676794596884,2.7853275241795927e-12,314.54123194843703,8.24803763338679,0.47570492622593374,0.04538186981017683,12
52.5,1.2899602005027393,6.120514842796444,0.8375625900876054,0.15639601294751354,0.07068071200589604,321.60527340932936,6.821210263296962e-13,310.3650180953857,8.24803763338679,0.47570492622593374,0.04538186981017683,12
60.0,1.2858754213560883,6.097771020434768,0.864391191595933,0.1559007704027758,0.08075533535914493,367.4459547786306,3.069544618483633e-12,306.6376150240496,8.24803763338679,0.47570492622593374,0.04538186981017683,12
67.5,1.2732166345831026,6.028315460041366,0.9465055387623219,0.15436600694319302,0.09076024711419074,412.9694404524777,2.4442670110147446e-12,303.2708214778555,8.24803763338679,0.47570492622593374,0.04538186981017683,12
75.0,1.247025346250924,5.887698574143939,1.113313712991927,0.15119055000466497,0.10059538434666929,457.72043275156045,1.9326762412674725e-12,300.2404353535711,8.24803763338679,0.47570492622593374,0.04538186981017683,12
82.5,1.209487253365418,5.6903399069093386,1.348210473112033,0.14663939559024308,0.1101489574073035,501.19027606532006,1.3784529073745944e-12,297.54294573547304,8.24803763338679,0.47570492622593374,0.04538186981017683,12
90.0,1.1673658076711957,5.472479677408444,1.6081921483071504,0.14153255108171162,0.11935578149659137,543.0823721469219,2.7711166694643907e-12,295.1619819141234,8.24803763338679,0.47570492622593374,0.04538186981017683,12
97.5,1.1262283208545891,5.262308301220823,1.859501011311377,0.1365450026920088,0.12820631021807918,583.3532838074294,2.1600499167107046e-12,293.0634498093698,8.24803763338679,0.47570492622593374,0.04538186981017683,12
105.0,1.0891598473330761,5.07466307945586,2.084214706597854,0.13205078538006718,0.13672684670199756,622.1226932790848,1.8758328224066645e-12,291.2075841973937,8.24803763338679,0.47570492622593374,0.04538186981017683,12
112.5,1.0572308119677327,4.914129787142192,2.2766770342768643,0.1281796784835492,0.14495944377213207,659.581945689963,3.183231456205249e-12,289.5565563684411,8.24803763338679,0.47570492622593374,0.04538186981017683,12
120.0,1.0303372603735317,4.779558279975586,2.438142093037673,0.12491907847302788,0.1529484556137551,695.9328576244839,2.2737367544323206e-12,288.07745167997484,8.24803763338679,0.47570492622593374,0.04538186981017683,12
127.5,1.0078928375470462,4.6675630286275505,2.572581767212193,0.122197895105043,0.16073415502226163,731.3586748792211,2.9558577807620168e-12,286.7428782877223,8.24803763338679,0.47570492622593374,0.04538186981017683,12
135.0,0.9892099575091352,4.574366297916674,2.6844613779609805,0.11993276479546663,0.16835075807369296,766.0150844892654,1.9326762412674725e-12,285.53044919485694,8.24803763338679,0.47570492622593374,0.04538186981017683,12
142.5,0.9736537490834772,4.49648959969393,2.777894284609382,0.11804671515346588,0.1758264446760169,800.0303082388832,1.2505552149377763e-12,284.421867369031,8.24803763338679,0.47570492622593374,0.04538186981017683,12
150.0,0.9606867735994484,4.430905522361913,2.8564453374254275,0.1164745865987245,0.18318397571485504,833.5079107447235,1.7053025658242404e-12,283.40205506499353,8.24803763338679,0.47570492622593374,0.04538186981017683,12
157.5,0.949875774446389,4.375005088450341,2.923156770490059,0.11516385068388119,0.19044149144878794,866.5304322452045,5.400124791776761e-13,282.4583929453706,8.24803763338679,0.47570492622593374,0.04538186981017683,12
165.0,0.9408970153833771,4.326556075275489,2.9805845427279243,0.11407525731633067,0.19761310938033327,899.1621089814191,2.0463630789890885e-12,281.5802496194163,8.24803763338679,0.47570492622593374,0.04538186981017683,12
172.5,0.9335427369073136,4.283663891031017,3.0308310054484595,0.11318361753448795,0.20470955498565482,931.4517430890027,2.7000623958883807e-12,280.7585958362855,8.24803763338679,0.47570492622593374,0.04538186981017683,12
180.0,0.9277307056834956,4.244744432738717,3.075562494964578,0.11247896128991751,0.21173868266473087,963.435072980611,2.8990143619012088e-12,279.9857677289294,8.24803763338679,0.47570492622593374,0.04538186981017683,12
0.0,1.671319422309098,5.588851707690818,14.485178737062846,0.07685870462082615,0.0,0.0,0.0,455.66658433807214,21.74534986706276,0.43715191887233074,0.1665356392115675,13
7.5,1.671319422312803,5.588851707703428,14.485178737046528,0.07685870462099653,0.010974042890255118,41.91638780768504,2.8563817977556027e-12,491.88273719379583,21.74534986706276,0.43715191887233074,0.1665356392115675,13
15.0,1.6713205474378374,5.5888555374777,14.485173782147221,0.07685875636194535,0.021948086616145068,83.83277880715583,2.0321522242738865e-12,469.69641166337306,21.74534986706276,0.43715191887233074,0.1665356392115675,13
22.5,1.6717327191728295,5.590258519418975,14.483358628470953,0.07687771083899501,0.032922682713181176,125.7512796401135,2.5863755581667647e-12,452.3917894875917,21.74534986706276,0.43715191887233074,0.1665356392115675,13
30.0,1.6845304448382397,5.633825244137354,14.426994178087167,0.07746623784562619,0.04392405930008942,167.77207107010872,1.6626700016786344e-12,440.875686376701,21.74534986706276,0.43715191887233074,0.1665356392115675,13
37.5,1.780706347954788,5.961530495331761,14.003113023776208,0.08188906404545772,0.05522749650492998,210.94661140825914,1.9610979506978765e-12,433.629864813911,21.74534986706276,0.43715191887233074,0.1665356392115675,13
45.0,2.0136202592559367,6.756974903096108,12.974754704710715,0.09260003962069731,0.0676514715549138,258.401151318119,4.092726157978177e-12,428.15702623595485,21.74534986706276,0.43715191887233074,0.1665356392115675,13
52.5,2.2737368824380484,7.646562694604322,11.825050290020389,0.10456198204849448,0.08180532089683197,312.46310860409034,3.694822225952521e-12,423.112656183363,21.74534986706276,0.43715191887233074,0.1665356392115675,13
60.0,2.4728745293810386,8.318846630284142,10.95362870739758,0.11371969384252821,0.09751711055095064,372.47576527774225,4.831690603168681e-12,418.3105902823926,21.74534986706276,0.43715191887233074,0.1665356392115675,13
67.5,2.6143996214319962,8.751716699128284,10.379233546502482,0.12022798609425799,0.11430678946375468,436.60552124038236,2.5011104298755527e-12,413.81270617208315,21.74534986706276,0.43715191887233074,0.1665356392115675,13
75.0,2.738770420777664,9.00852257373542,9.998056872549679,0.12594740657293466,0.1317656392292481,503.29123814207026,3.979039320256561e-12,409.6437397482042,21.74534986706276,0.43715191887233074,0.1665356392115675,13
82.5,2.8922050099601995,9.128451727570626,9.724693129531934,0.1330033790047666,0.14959216690167257,571.3813353518509,3.183231456205249e-12,405.7789503564484,21.74534986706276,0.43715191887233074,0.1665356392115675,13
90.0,3.1133011934426857,9.120196287807092,9.51185238581298,0.14317089458093013,0.16752939457874966,639.8942616294358,5.343281372915953e-12,402.17601703540066,21.74534986706276,0.43715191887233074,0.1665356392115675,13
97.5,3.418868163134545,8.98605952310998,9.340422180818237,0.15722295497820593,0.1853267772996768,707.8730369588653,3.637978807091713e-12,398.79592117860574,21.74534986706276,0.43715191887233074,0.1665356392115675,13
105.0,3.7988537029225427,8.741694265471507,9.204801898668709,0.17469729050791633,0.2027496185686015,774.421216024986,4.320099833421409e-12,395.61331177617336,21.74534986706276,0.43715191887233074,0.1665356392115675,13
112.5,4.226794902811983,8.416494755926582,9.102060208324195,0.194376955471028,0.21960856194527956,838.8155341146443,4.206412995699793e-12,392.6163825193021,21.74534986706276,0.43715191887233074,0.1665356392115675,13
120.0,4.673570774607438,8.04386065683267,9.027918435622652,0.21492276754242529,0.23577752725630646,900.5744161605531,4.888534022029489e-12,389.8001104608609,21.74534986706276,0.43715191887233074,0.1665356392115675,13
127.5,5.115377108861692,7.653002849455948,8.976969908745119,0.23524004626891976,0.25119292213021793,959.4549651255346,5.115907697472721e-12,387.1603716104755,21.74534986706276,0.43715191887233074,0.1665356392115675,13
135.0,5.536427282569621,7.2651336380699725,8.943788946423167,0.2546028146898448,0.26584100146378326,1015.4046802964754,6.59383658785373e-12,384.69129395983583,21.74534986706276,0.43715191887233074,0.1665356392115675,13
142.5,5.928397295054339,6.89326610996757,8.923686462040854,0.27262827828923375,0.27974152751461234,1068.499045472939,7.503331289626658e-12,382.384727449312,21.74534986706276,0.43715191887233074,0.1665356392115675,13
150.0,6.2883666991339835,6.544010245892133,8.912972922036642,0.28918213491974415,0.2929332021051448,1118.885885901689,7.503331289626658e-12,380.23075630163476,21.74534986706276,0.43715191887233074,0.1665356392115675,13
157.5,6.6166667196380535,6.219777944122169,8.908905203302536,0.30427961656575525,0.3054632926498936,1166.7457439131322,6.821210263296962e-12,378.2185077685656,21.74534986706276,0.43715191887233074,0.1665356392115675,13
165.0,6.915288368525749,5.920555305673199,8.90950619286381,0.31801228358253253,0.31738120835936434,1212.267342628687,8.412825991399586e-12,376.33688784372305,21.74534986706276,0.43715191887233074,0.1665356392115675,13
172.5,7.186909528164273,5.6450707766574695,8.913369562241016,0.3305032833272616,0.3287349455694822,1255.634008562574,7.73070496506989e-12,374.57509906540656,21.74534986706276,0.43715191887233074,0.1665356392115675,13
180.0,7.434372008388403,5.391480956492876,8.919496902181484,0.3418833016639155,0.33956938494037153,1297.017167612583,8.640199666842818e-12,372.92293481057163,21.74534986706276,0.43715191887233074,0.1665356392115675,13
0.0,1.7308710846940503,5.789520282736509,14.986236182625667,0.07690495081257637,0.0,0.0,0.0,464.77637502822006,22.506627550056226,0.31236664138204107,0.16645196027904022,14
7.5,1.7308710847078956,5.789520282783654,14.986236182564678,0.07690495081319154,0.011366566085352059,43.42140212053862,2.1103119252074976e-12,526.4137855642635,22.506627550056226,0.31236664138204107,0.16645196027904022,14
15.0,1.7308748763393031,5.789533192913695,14.986219480803229,0.07690511928051962,0.022733135017366655,86.84281511560856,3.652189661806915e-12,499.67256390684133,22.506627550056226,0.31236664138204107,0.16645196027904022,14
22.5,1.732214385622795,5.794094139089143,14.98031902534429,0.07696463549548842,0.034101503086016366,130.2711009898503,2.7284841053187847e-12,480.3292481022943,22.506627550056226,0.31236664138204107,0.16645196027904022,14
30.0,1.7744489829205183,5.937954117405033,14.794224449730674,0.078841175959127,0.04555819336518787,174.03678640854935,4.888534022029489e-12,469.16042314401267,22.506627550056226,0.31236664138204107,0.16645196027904022,14
37.5,2.041657551053251,6.85038081322379,13.614589185779185,0.09071361520123215,0.057932598462179144,221.30823283169823,3.325340003357269e-12,462.74165129090693,22.506627550056226,0.31236664138204107,0.16645196027904022,14
45.0,2.49638262143253,8.408479548606188,11.601765380017511,0.11091766706852949,0.0728771033398069,278.39771358702234,4.035882739117369e-12,457.0664655328726,22.506627550056226,0.31236664138204107,0.16645196027904022,14
52.5,2.878711535418615,9.700892738986665,9.927023275650946,0.12790505947708825,0.09072888650931232,346.5932838015555,3.154809746774845e-12,451.2642185479447,22.506627550056226,0.31236664138204107,0.16645196027904022,14
60.0,3.1489948300546997,10.48805066197181,8.869582058029716,0.13991411298965725,0.11061426362676907,422.5573832183851,2.1174173525650986e-12,445.57669830733664,22.506627550056226,0.31236664138204107,0.16645196027904022,14
67.5,3.4096114373694943,10.891449913866007,8.205566198820726,0.15149366246836818,0.13165173986654002,502.92261477108383,2.3590018827235326e-12,440.2039204776558,22.506627550056226,0.31236664138204107,0.16645196027904022,14
75.0,3.769479694844393,10.993242957385718,7.743904897826116,0.16748309743255943,0.1531798522956548,585.1621248976645,3.382183422218077e-12,435.18852264302865,22.506627550056226,0.31236664138204107,0.16645196027904022,14
82.5,4.280938972080286,10.833093882181437,7.392594695794504,0.19020792708988477,0.17464642669902444,667.1665537040365,5.172751116333529e-12,430.50383927139444,22.506627550056226,0.31236664138204107,0.16645196027904022,14
90.0,4.91948248060123,10.464723479484217,7.122421589970782,0.21857928157650347,0.1955850732667779,747.1542461743168,2.9558577807620168e-12,426.11997084055076,22.506627550056226,0.31236664138204107,0.16645196027904022,14
97.5,5.621106987918626,9.962861347803074,6.922659214334528,0.24975341043063484,0.21565788529607313,823.8343654178251,3.524291969370097e-12,422.02649987453833,22.506627550056226,0.31236664138204107,0.16645196027904022,14
105.0,6.324182611849853,9.401288210760779,6.781156727445596,0.28099201436485555,0.23467652996255328,896.4874614936126,4.149569576838985e-12,418.22185327957504,22.506627550056226,0.31236664138204107,0.16645196027904022,14
112.5,6.9876631790966774,8.834889670688494,6.684074700271057,0.3104713562063287,0.25258102064459526,964.8843795980395,1.8758328224066645e-12,414.7008687034041,22.506627550056226,0.31236664138204107,0.16645196027904022,14
120.0,7.592188787882531,8.295361453356591,6.619077308817104,0.3373312492507819,0.2693961804228604,1029.1199463444536,5.286437954055145e-12,411.4511076131322,22.506627550056226,0.31236664138204107,0.16645196027904022,14
127.5,8.133360374100334,7.796629121070232,6.57663805488566,0.3613762371111,0.2851905696974526,1089.4560692148596,4.320099833421409e-12,408.4543539601912,22.506627550056226,0.31236664138204107,0.16645196027904022,14
135.0,8.614519030691357,7.342202094263303,6.549906425101567,0.3827547690800009,0.3000488721963466,1146.2162483919726,4.547473508864641e-12,405.689510955409,22.506627550056226,0.31236664138204107,0.16645196027904022,14
142.5,9.04202758134805,6.93049619496949,6.534103773738684,0.40174955404749035,0.3140570492695091,1199.728864700371,4.206412995699793e-12,403.13495349296056,22.506627550056226,0.31236664138204107,0.16645196027904022,14
150.0,9.422883991753299,6.557817388851091,6.525926169451837,0.418671521123997,0.3272955659658076,1250.3013025530154,5.343281372915953e-12,400.7699319885071,22.506627550056226,0.31236664138204107,0.16645196027904022,14
157.5,9.76370796091291,6.219830969052521,6.523088620090796,0.4338147925182384,0.3398368572609204,1298.2102706922733,8.185452315956354e-12,398.57525311971983,22.506627550056226,0.31236664138204107,0.16645196027904022,14
165.0,10.070378970211454,5.912241113715283,6.52400746612949,0.4474406015656618,0.3517448178391679,1343.6998531062563,7.617018127348274e-12,396.53353388819846,22.506627550056226,0.31236664138204107,0.16645196027904022,14
172.5,10.34794636370083,5.631093310430451,6.5275878759249455,0.4597732974736581,0.36307521103084434,1386.9830712097084,4.547473508864641e-12,394.6292331226955,22.506627550056226,0.31236664138204107,0.16645196027904022,14
180.0,10.60065826342004,5.372904931242477,6.53306435539371,0.47100163006845325,0.3738764690413446,1428.2449407980992,5.229594535194337e-12,392.8485802188111,22.506627550056226,0.31236664138204107,0.16645196027904022,14
0.0,3.78794256006137,17.39487399417443,3.9362923831842496,0.15079924090852026,0.0,0.0,0.0,779.4525708686441,25.119108937420048,0.38747837903017446,0.057665620786048824,15
7.5,3.787942526007247,17.394873819149353,3.936292592263446,0.15079923955281438,0.02914660435418239,130.4615548966383,6.59383658785373e-12,617.3411894569114,25.119108937420048,0.38747837903017446,0.057665620786048824,15
15.0,3.78676172496255,17.388805959428463,3.943541253029034,0.1507522314743177,0.05829176878821204,260.9166646437912,1.3073986337985843e-12,562.1318774729546,25.119108937420048,0.38747837903017446,0.057665620786048824,15
22.5,3.729136658979975,17.0946485340191,4.295323744420973,0.14845815861822487,0.08728109504714275,390.6742354807985,4.035882739117369e-12,528.3721769550202,25.119108937420048,0.38747837903017446,0.057665620786048824,15
30.0,3.5289183449895525,16.091166676989808,5.499023915440687,0.1404874015945887,0.11514574677126839,515.3977108609101,3.637978807091713e-12,505.1920877830324,25.119108937420048,0.38747837903017446,0.057665620786048824,15
37.5,3.3421929357104383,15.169699571435732,6.607216430273877,0.13305380155151755,0.14129113296302437,632.4256738613454,3.069544618483633e-12,488.9548551609536,25.119108937420048,0.38747837903017446,0.057665620786048824,15
45.0,3.2301248119829946,14.609896152456852,7.279087972980202,0.12859233263529757,0.16620209364374391,743.9282909375381,3.865352482534945e-12,476.96272777193604,25.119108937420048,0.38747837903017446,0.057665620786048824,15
52.5,3.176039016816515,14.271726407702163,7.671343512901371,0.12643915931608368,0.19038166640366078,852.1571817085654,1.0231815394945443e-12,467.565498455431,25.119108937420048,0.38747837903017446,0.057665620786048824,15
60.0,3.1855807517026786,14.009043253567848,7.924484932149523,0.12681901892455688,0.21407542354231904,958.2115391935778,1.3642420526593924e-12,459.78693097547324,25.119108937420048,0.38747837903017446,0.057665620786048824,15
67.5,3.310648169748175,13.69916127307932,8.109299494592554,0.13179799402901143,0.23730606957846784,1062.1929898730807,5.684341886080801e-13,453.0442048677865,25.119108937420048,0.38747837903017446,0.057665620786048824,15
75.0,3.6239425344369405,13.242216226299995,8.252950176683111,0.14427034587354878,0.25990573254972305,1163.350131046092,1.1368683772161603e-12,447.01848267547314,25.119108937420048,0.38747837903017446,0.057665620786048824,15
82.5,4.142960691515866,12.610208472507729,8.365939773396452,0.16493262965009398,0.28159145460843366,1260.4164302436432,5.6843418860808015e-12,441.54671547528227,25.119108937420048,0.38747837903017446,0.057665620786048824,15
90.0,4.806338292267192,11.856521469606912,8.456249175545945,0.1913419104253005,0.30210648098113385,1352.2426411739038,1.8189894035458565e-12,436.5510875746013,25.119108937420048,0.38747837903017446,0.057665620786048824,15
97.5,5.529774004979991,11.057764367665104,8.531570564774952,0.22014212441836511,0.3213110658776754,1438.2032551892303,3.183231456205249e-12,431.98875595646274,25.119108937420048,0.38747837903017446,0.057665620786048824,15
105.0,6.2457555425244555,10.275552542321773,8.59780085257382,0.2486455852428796,0.3391840499056986,1518.2035618666048,2.0463630789890885e-12,427.8247477156358,25.119108937420048,0.38747837903017446,0.057665620786048824,15
112.5,6.914079316460949,9.546911919966867,8.658117700992232,0.2752517748016537,0.3557873961548674,1592.5209108734368,6.59383658785373e-12,424.0249393606615,25.119108937420048,0.38747837903017446,0.057665620786048824,15
120.0,7.5182748002385456,8.887063128823122,8.71377100835838,0.29930499600798094,0.3712260396729321,1661.6249963575015,5.9117155615240335e-12,420.5549788295845,25.119108937420048,0.38747837903017446,0.057665620786048824,15
127.5,8.056425274395957,8.297495967672273,8.765187695351818,0.320728943628819,0.3856178358278794,1726.0433444200764,5.6843418860808015e-12,417.38101373682673,25.119108937420048,0.38747837903017446,0.057665620786048824,15
135.0,8.533386723211798,7.773157783699894,8.812564430508356,0.3397169359976609,0.39907688591194757,1786.2866777450201,2.9558577807620168e-12,414.4709789209521,25.119108937420048,0.38747837903017446,0.057665620786048824,15
142.5,8.956329167445226,7.306705489944195,8.856074280030628,0.3565544140024387,0.4117065280219938,1842.817542453734,7.275957614183426e-12,411.7955080622485,25.119108937420048,0.38747837903017446,0.057665620786048824,15
150.0,9.332684226748732,6.890504660478841,8.895920050192473,0.37153723286918794,0.42359738190573804,1896.0415567461364,6.139089236967266e-12,409.3282883934223,25.119108937420048,0.38747837903017446,0.057665620786048824,15
157.5,9.669336810517947,6.517427371117381,8.932344755784719,0.3849394831085546,0.4348276220243514,1946.3086331414922,9.777068044058979e-12,407.0460280215827,25.119108937420048,0.38747837903017446,0.057665620786048824,15
165.0,9.972356151734198,6.18112315767933,8.965629628006518,0.39700278288448104,0.4454641209518896,1993.9180963873864,4.547473508864641e-12,404.92824045290604,25.119108937420048,0.38747837903017446,0.057665620786048824,15
172.5,10.246937056483354,5.876086478221571,8.996085402715124,0.40793393913820114,0.45556379534769276,2039.124708094701,8.185452315956354e-12,402.9569902084048,25.119108937420048,0.38747837903017446,0.057665620786048824,15
180.0,10.497429793629085,5.597640988696367,9.024038155094598,0.41790613750597727,0.46517504583834673,2082.1451117161564,9.094947017729282e-12,401.11662649792146,25.119108937420048,0.38747837903017446,0.057665620786048824,15
0.0,3.4946956503155073,16.82194777784273,1.745744171216147,0.1584006098421825,0.0,0.0,0.0,734.593739707072,22.062387599374386,0.1397524836093098,0.03998164049502167,16
7.5,3.4946956503128055,16.821947777826654,1.7457441712349238,0.15840060984206003,0.0275307758126526,126.16460833381645,2.7426949600339867e-12,619.9548074095849,22.062387599374386,0.1397524836093098,0.03998164049502167,16
15.0,3.494694620766974,16.821941653238905,1.7457513253685066,0.1584005631768554,0.05506155051739299,252.3292115904309,4.916955731459893e-12,564.7526094898869,22.062387599374386,0.1397524836093098,0.03998164049502167,16
22.5,3.494465088229708,16.82057496932125,1.7473475418234292,0.1583901593827859,0.08259183192088339,378.4915542075552,6.536993168992922e-12,532.8257813806256,22.062387599374386,0.1397524836093098,0.03998164049502167,16
30.0,3.4909638602261266,16.79961724634531,1.771806492802951,0.15823146268743454,0.11010891557771056,504.59341583605845,5.172751116333529e-12,511.65350074805633,22.062387599374386,0.1397524836093098,0.03998164049502167,16
37.5,3.4792315700878103,16.725447569555705,1.857708459730873,0.15769968478780916,0.13755120526641287,630.3525209887391,6.139089236967266e-12,496.28063078031187,22.062387599374386,0.1397524836093098,0.03998164049502167,16
45.0,3.4700208876050462,16.614323690167957,1.9780430216013798,0.15728220130188647,0.1648372295855223,755.395512680434,5.002220859751105e-12,484.4660875878388,22.062387599374386,0.1397524836093098,0.03998164049502167,16
52.5,3.5069472179571832,16.475310653161987,2.0801297282552182,0.1589559245190955,0.19192360473909842,879.5235770578718,2.9558577807620168e-12,474.8938017564433,22.062387599374386,0.1397524836093098,0.03998164049502167,16
60.0,3.698320471540263,16.214574838251327,2.1494922895827973,0.16763011051646717,0.2187049615891854,1002.2538415674007,3.183231456205249e-12,466.7132742261484,22.062387599374386,0.1397524836093098,0.03998164049502167,16
67.5,4.1964257085734555,15.671887119948229,2.1940747708527004,0.19020723344976734,0.2448515215319861,1122.0750379226467,4.320099833421409e-12,459.45000416069166,22.062387599374386,0.1397524836093098,0.03998164049502167,16
75.0,5.028193497850806,14.80690417310882,2.2272899284147596,0.2279079485482971,0.2698413769583106,1236.5954329756605,5.4569682106375694e-12,452.87375656213396,22.062387599374386,0.1397524836093098,0.03998164049502167,16
82.5,6.05594239955391,13.747701742923391,2.2587434568970846,0.27449170549998114,0.29323681664177026,1343.8091382685052,4.092726157978177e-12,446.89820988873396,22.062387599374386,0.1397524836093098,0.03998164049502167,16
90.0,7.122659723479282,12.647021126595867,2.292706749299239,0.3228417455453125,0.31484707708660187,1442.8419466269577,2.5011104298755527e-12,441.48339180728607,22.062387599374386,0.1397524836093098,0.03998164049502167,16
97.5,8.124579598182413,11.60790042167986,2.3299075795121142,0.36825477576202126,0.334695646031192,1533.8014947313047,3.410605131648481e-12,436.589704289671,22.062387599374386,0.1397524836093098,0.03998164049502167,16
105.0,9.017903571038193,10.675704553923243,2.368779474412949,0.4087455870503295,0.35292670037799945,1617.3484985218915,2.7284841053187847e-12,432.1710138789954,22.062387599374386,0.1397524836093098,0.03998164049502167,16
112.5,9.797287425087884,9.857829425863024,2.407270748423478,0.44407194737915406,0.36972473229167196,1694.3284256982788,3.637978807091713e-12,428.17691222824374,22.062387599374386,0.1397524836093098,0.03998164049502167,16
120.0,10.473571481891167,9.144929710360426,2.443886407122796,0.474725205271444,0.38527055671943167,1765.5698924662872,7.048583938740194e-12,424.5573148947375,22.062387599374386,0.1397524836093098,0.03998164049502167,16
127.5,11.061751419367837,8.52281895017186,2.4778172298346863,0.501385054973901,0.399724765989341,1831.8088413329235,6.139089236967266e-12,421.2658319701235,22.062387599374386,0.1397524836093098,0.03998164049502167,16
135.0,11.57637930181195,7.97725798606508,2.508750311497353,0.5247110834976092,0.4132243384328052,1893.6729995242413,6.821210263296962e-12,418.26116476122945,22.062387599374386,0.1397524836093098,0.03998164049502167,16
142.5,12.030233032053527,7.495471682981919,2.536682884338941,0.5452824621934692,0.42588403254579743,1951.688267973652,6.139089236967266e-12,415.50725822538953,22.062387599374386,0.1397524836093098,0.03998164049502167,16
150.0,12.434079077799474,7.066507287755608,2.5618012338193026,0.5635871920839638,0.43779915276625975,2006.2913959819116,4.774847184307873e-12,412.97294620519455,22.062387599374386,0.1397524836093098,0.03998164049502167,16
157.5,12.796747247611737,6.681237660334666,2.5844026914279814,0.5800254931598885,0.44904855904438085,2057.843773100716,7.73070496506989e-12,410.6314653511065,22.062387599374386,0.1397524836093098,0.03998164049502167,16
165.0,13.125307694699833,6.332240983686529,2.604838920988024,0.5949178272560138,0.4596975683053755,2106.6447255947287,5.4569682106375694e-12,408.4599668309319,22.062387599374386,0.1397524836093098,0.03998164049502167,16
172.5,13.42529171741123,6.013622985926576,2.6234728960365805,0.6085149060563112,0.4698005869592399,2152.9435803792076,5.4569682106375694e-12,406.4390567340785,22.062387599374386,0.1397524836093098,0.03998164049502167,16
180.0,13.700936308009384,5.720806189661909,2.640645101703095,0.6210087755143009,0.4794034795659341,2196.950519843604,8.185452315956354e-12,404.5523384400326,22.062387599374386,0.1397524836093098,0.03998164049502167,16
0.0,0.506598227125677,1.8783344783515254,2.7991240382979345,0.09772235377901395,0.0,0.0,0.0,277.4958015996723,5.1840567437751375,0.7869243775021384,0.13297017131840644,17
7.5,0.5065982271256781,1.8783344783515301,2.7991240382979288,0.09772235377901416,0.0035026272974762493,14.087508587636458,2.76578759894619e-12,266.434873825546,5.1840567437751375,0.7869243775021384,0.13297017131840644,17
15.0,0.5065982271256777,1.8783344783515288,2.799124038297931,0.09772235377901407,0.007005254594952499,28.17501717527292,4.170885858911788e-12,260.81651380441167,5.1840567437751375,0.7869243775021384,0.13297017131840644,17
22.5,0.5065982271255443,1.8783344783510167,2.799124038298576,0.09772235377898833,0.010507881892428642,42.26252576290894,2.4087398742267396e-12,257.14565532662255,5.1840567437751375,0.7869243775021384,0.13297017131840644,17
30.0,0.5065982270823326,1.8783344781853735,2.799124038507431,0.09772235377065285,0.014010509189849644,56.3500343503232,4.433786671143025e-12,254.46707057891285,5.1840567437751375,0.7869243775021384,0.13297017131840644,17
37.5,0.5065982246522386,1.8783344688701353,2.7991240502527632,0.09772235330188983,0.017513136482973212,70.43754292045325,1.2931877790833823e-12,252.39043206240382,5.1840567437751375,0.7869243775021384,0.13297017131840644,17
45.0,0.5065981754496954,1.8783342802628726,2.799124288062569,0.0977223438107624,0.021015763664415446,84.52505104140283,3.922195901395753e-12,250.71163932653388,5.1840567437751375,0.7869243775021384,0.13297017131840644,17
52.5,0.5065976654405051,1.8783323252534876,2.7991267530811443,0.09772224543043682,0.024518389437124505,98.61255349645107,3.907985046680551e-12,249.30887236579878,5.1840567437751375,0.7869243775021384,0.13297017131840644,17
60.0,0.5065943813444898,1.8783197363882018,2.799142626042446,0.09772161193119526,0.02802100458121066,112.70001320335523,3.453237695794087e-12,248.10398827112118,5.1840567437751375,0.7869243775021384,0.13297017131840644,17
67.5,0.5065796046463068,1.8782630932036177,2.7992140459252126,0.09771876151907338,0.031523565225053285,126.78725371118863,3.367972567502875e-12,247.0446039235249,5.1840567437751375,0.7869243775021384,0.13297017131840644,17
75.0,0.506529381955305,1.8780705764487697,2.7994567853710626,0.09770907360601917,0.03502591920756827,140.87366303060813,2.4158453015843406e-12,246.0945250964688,5.1840567437751375,0.7869243775021384,0.13297017131840644,17
82.5,0.5063931026602781,1.8775481879787377,2.8001154531361214,0.09768278544951114,0.03852765805183649,154.957598274256,2.8421709430404007e-13,245.22821401648253,5.1840567437751375,0.7869243775021384,0.13297017131840644,17
90.0,0.5060853565398055,1.8763685605187344,2.8016028267165973,0.09762342149273305,0.042027894235273124,169.03548984109452,4.405364961712621e-12,244.427449504374,5.1840567437751375,0.7869243775021384,0.13297017131840644,17
97.5,0.5054879725016818,1.8740788373881676,2.804489933885288,0.09750818663562215,0.045525011997526496,183.10083916993057,3.581135388230905e-12,243.67922680064544,5.1840567437751375,0.7869243775021384,0.13297017131840644,17
105.0,0.5044648527851511,1.870157668602466,2.8094342223875204,0.0973108277394721,0.04901647741661396,197.14345486880052,2.0463630789890885e-12,242.97435105968745,5.1840567437751375,0.7869243775021384,0.13297017131840644,17
112.5,0.5028853870681789,1.8641051510683155,2.8170662056386426,0.097006150187694,0.05249878864610044,211.14925256973228,5.087485988042317e-12,242.30641958741643,5.1840567437751375,0.7869243775021384,0.13297017131840644,17
120.0,0.5006479583708787,1.8555331024294788,2.8278756829747795,0.09657455215397517,0.05596759953710033,225.10075213437563,2.9558577807620168e-12,241.671040835778,5.1840567437751375,0.7869243775021384,0.13297017131840644,17
127.5,0.49769587603416093,1.8442261873816697,2.8421346803593064,0.096005098059889,0.059417988923220304,238.97816071355217,2.5295321393059567e-12,241.06522332276873,5.1840567437751375,0.7869243775021384,0.13297017131840644,17
135.0,0.4940223990311011,1.8301610479412227,2.8598732968028138,0.09529648756725294,0.06284480669399033,252.76076464882436,7.389644451905042e-13,240.48690448890875,5.1840567437751375,0.7869243775021384,0.13297017131840644,17
142.5,0.4896660277627019,1.8134879787804312,2.8809027372320046,0.09445614736965957,0.06624302018989175,266.42832266752276,2.1032064978498966e-12,239.93460117627652,5.1840567437751375,0.7869243775021384,0.13297017131840644,17
150.0,0.4846997608104829,1.7944894047958968,2.9048675781687576,0.09349815882947193,0.06960800309289093,279.9622277956553,2.0463630789890885e-12,239.4071634346089,5.1840567437751375,0.7869243775021384,0.13297017131840644,17
157.5,0.4792183029823916,1.7735305387996108,2.931307901993135,0.09244079042109692,0.07293573770515782,293.3463209195406,4.490630090003833e-12,238.90361179498944,5.1840567437751375,0.7869243775021384,0.13297017131840644,17
165.0,0.4733261679573811,1.7510135664378046,2.9597170093799514,0.09130420274155703,0.07622292703927819,306.56734161077264,2.8990143619012088e-12,238.42303795580082,5.1840567437751375,0.7869243775021384,0.13297017131840644,17
172.5,0.4671282360896091,1.727341360162339,2.9895871475231885,0.0901086271192002,0.07946702947877397,319.61506753025554,2.6716406864579767e-12,237.9645504524672,5.1840567437751375,0.7869243775021384,0.13297017131840644,17
180.0,0.46072320073042317,1.7028923687521411,3.020441174292573,0.0888731014149577,0.08266623580445816,332.4822220285861,2.3874235921539366e-12,237.5272500127156,5.1840567437751375,0.7869243775021384,0.13297017131840644,17
0.0,2.8966014089813483,12.107096276626862,7.6254367800501655,0.12800319046126954,0.0,0.0,0.0,643.1015271754245,22.629134465658378,0.7807290310219679,0.09178315510766799,18
7.5,2.896601354186599,12.107096033872661,7.625437077599119,0.12800318803984467,0.02126375679393416,90.80322198655935,3.950617610826157e-12,463.0173961085435,22.629134465658378,0.7807290310219679,0.09178315510766799,18
15.0,2.8952564052564576,12.10113783399678,7.632740226405141,0.12794375364423477,0.042525970641734405,181.59985508660776,2.5579538487363607e-12,425.98635163254085,22.629134465658378,0.7807290310219679,0.09178315510766799,18
22.5,2.841011888589948,11.861215533399726,7.926907043668708,0.1255466439912416,0.06364952861331719,271.8043820771889,2.5579538487363607e-12,404.27723375269505,22.629134465658378,0.7807290310219679,0.09178315510766799,18
30.0,2.6370421604016765,10.96451795144397,9.027574353812735,0.11653305451888187,0.0837859253002526,357.79340631653736,2.5011104298755527e-12,387.7212237714888,22.629134465658378,0.7807290310219679,0.09178315510766799,18
37.5,2.370588291540825,9.803473491314968,10.455072682802587,0.10475823965509563,0.10203042938653457,435.7034280796691,5.286437954055145e-12,375.0041595736657,22.629134465658378,0.7807290310219679,0.09178315510766799,18
45.0,2.1333963923016332,8.77830173514018,11.717436338216565,0.09427653521345425,0.11832510711121304,505.28705118880407,3.183231456205249e-12,365.2575770907055,22.629134465658378,0.7807290310219679,0.09178315510766799,18
52.5,1.9443995497567172,7.966636283567285,12.718098632334375,0.08592460983019513,0.1330059215612604,567.9789483154406,3.751665644813329e-12,357.6646782045415,22.629134465658378,0.7807290310219679,0.09178315510766799,18
60.0,1.7973370036928913,7.338117378682066,13.49368008328342,0.07942579537986758,0.14642706196390476,625.291623733255,3.979039320256561e-12,351.61944518657594,22.629134465658378,0.7807290310219679,0.09178315510766799,18
67.5,1.6826262963111978,6.849612876070886,14.096895293276297,0.0743566351980773,0.15887211849415067,678.4361005866381,5.002220859751105e-12,346.7009366623088,22.629134465658378,0.7807290310219679,0.09178315510766799,18
75.0,1.5922586652750044,6.465715943305353,14.57115985707802,0.07036321551278911,0.17055474908306412,728.3247683809712,3.979039320256561e-12,342.6177851776945,22.629134465658378,0.7807290310219679,0.09178315510766799,18
82.5,1.5202557354654291,6.160244677415572,14.948634052777379,0.06718134702732646,0.18163466230913852,775.6396351756316,5.002220859751105e-12,339.1659359506955,22.629134465658378,0.7807290310219679,0.09178315510766799,18
90.0,1.4622698789455886,5.914235934286248,15.25262865242654,0.06461890449962665,0.19223219874226152,820.8945947095004,4.206412995699793e-12,336.20035725989453,22.629134465658378,0.7807290310219679,0.09178315510766799,18
97.5,1.4151486895384806,5.71387448747341,15.500111288646487,0.06253658051685929,0.20243913355668772,864.4815571046438,4.547473508864641e-12,333.61629490796224,22.629134465658378,0.7807290310219679,0.09178315510766799,18
105.0,1.37661042887854,5.548925908542187,15.703598128237655,0.06083354319042394,0.21232629605943837,906.702986753922,5.6843418860808015e-12,331.33665593297985,22.629134465658378,0.7807290310219679,0.09178315510766799,18
112.5,1.3450314913949148,5.411639358252313,15.872463616011148,0.05943804405935692,0.22194883395705395,947.7943824681789,1.4779288903810084e-12,329.30343954914395,22.629134465658378,0.7807290310219679,0.09178315510766799,18
120.0,1.3193185229843185,5.295983235369422,16.01383270730464,0.05830176690966664,0.23134986829436321,987.939885264631,4.206412995699793e-12,327.47198016514585,22.629134465658378,0.7807290310219679,0.09178315510766799,18
127.5,1.2988442581262452,5.197123654038512,16.133166553493623,0.05739699236386398,0.240563036710335,1027.2831389042556,6.59383658785373e-12,325.80712899817814,22.629134465658378,0.7807290310219679,0.09178315510766799,18
135.0,1.2834199537089623,5.1110535283110305,16.234660983638385,0.05671537970913826,0.24961425175811033,1065.9347984955507,4.092726157978177e-12,324.2807245071235,22.629134465658378,0.7807290310219679,0.09178315510766799,18
142.5,1.2732760488792827,5.034305587034282,16.321552829744817,0.05626711224026648,0.25852289498182773,1103.9776295945703,5.002220859751105e-12,322.8699323965925,22.629134465658378,0.7807290310219679,0.09178315510766799,18
150.0,1.2690279113405973,4.963739697308425,16.396366857009355,0.056079383560447456,0.267302570114573,1141.469724607431,7.503331289626658e-12,321.5561778370208,22.629134465658378,0.7807290310219679,0.09178315510766799,18
157.5,1.271603163035725,4.896422356366308,16.461108946256342,0.05619318604365934,0.2759615553128451,1178.4464339799408,6.366462912410498e-12,320.32442994729536,22.629134465658378,0.7807290310219679,0.09178315510766799,18
165.0,1.2821088292232123,4.8296194127620335,16.517406223673134,0.05665744004345021,0.284503141138467,1214.9218094913108,3.637978807091713e-12,319.16264630055696,22.629134465658378,0.7807290310219679,0.09178315510766799,18
172.5,1.3016310137560378,4.76090165330919,16.56660179859315,0.057520141379307846,0.2929260599328966,1250.890437823419,4.547473508864641e-12,318.0612710935077,22.629134465658378,0.7807290310219679,0.09178315510766799,18
180.0,1.3309933685062294,4.688321875669257,16.60981922148289,0.05881768790256314,0.3012251699597705,1286.3303620740614,5.002220859751105e-12,317.0127710178077,22.629134465658378,0.7807290310219679,0.09178315510766799,18
0.0,3.101635672057831,15.608336947482403,0.5085572792821105,0.16138776942808153,0.0,0.0,0.0,674.466213670011,19.218529898822343,0.13979699812765745,0.02290601470719469,19
7.5,3.1016356720578298,15.608336947482403,0.5085572792821103,0.16138776942808145,0.024983273212656896,117.062527106118,8.490985692333197e-13,578.2778530747669,19.218529898822343,0.13979699812765745,0.02290601470719469,19
15.0,3.1016356720488285,15.608336947304402,0.5085572794691129,0.1613877694276131,0.04996654642529493,234.12505421214763,3.922195901395753e-12,529.647541598147,19.218529898822343,0.13979699812765745,0.02290601470719469,19
22.5,3.1016356437154613,15.608336290172504,0.5085579649343782,0.1613877679533397,0.07494981949513681,351.1875806490864,5.229594535194337e-12,500.8603933711756,19.218529898822343,0.13979699812765745,0.02290601470719469,19
30.0,3.101632700703049,15.608251789213151,0.508645408906142,0.16138761481923278,0.09993306350261111,468.24997091034624,4.149569576838985e-12,481.646071036471,19.218529898822343,0.13979699812765745,0.02290601470719469,19
37.5,3.101563107893977,15.605931866748286,0.5110349241800799,0.16138399368850953,0.12491520128136145,585.3071777863514,3.751665644813329e-12,467.623100574559,19.218529898822343,0.13979699812765745,0.02290601470719469,19
45.0,3.1006340014072222,15.580502216125266,0.5373936812898552,0.16133564938269396,0.14988156898408364,702.2904918246649,5.5706550483591855e-12,456.7080822599111,19.218529898822343,0.13979699812765745,0.02290601470719469,19
52.5,3.096095839343378,15.458918102091655,0.6635159573873102,0.1610995146685542,0.17474452593000075,818.789260686751,2.9558577807620168e-12,447.84857961987336,19.218529898822343,0.13979699812765745,0.02290601470719469,19
60.0,3.108612830323432,15.214763789083587,0.8951532794153221,0.1617508127150724,0.1993123154021427,933.9049821752792,5.4569682106375694e-12,440.4120280891575,19.218529898822343,0.13979699812765745,0.02290601470719469,19
67.5,3.213251477470815,14.86967870286736,1.1355997184841669,0.16719548760426853,0.22341285332318012,1046.831332923594,7.275957614183426e-12,433.9560185336676,19.218529898822343,0.13979699812765745,0.02290601470719469,19
75.0,3.5126708668401716,14.372175841489302,1.3336831904928697,0.1827752114929154,0.24685016403803106,1156.6500423256023,4.320099833421409e-12,428.18947164026423,19.218529898822343,0.13979699812765745,0.02290601470719469,19
82.5,4.054136918561797,13.68440374366591,1.4799892365946377,0.21094937749688247,0.2693412614684095,1262.035140594318,5.002220859751105e-12,422.94325931774324,19.218529898822343,0.13979699812765745,0.02290601470719469,19
90.0,4.777845477104682,12.852896960374828,1.587787461342836,0.24860618904037268,0.29060769839562184,1361.6819253871577,7.275957614183426e-12,418.1349652791537,19.218529898822343,0.13979699812765745,0.02290601470719469,19
97.5,5.584071949304644,11.963492587913679,1.670965361604023,0.29055666477625947,0.3104860792402306,1454.8247844769287,8.412825991399586e-12,413.727381937562,19.218529898822343,0.13979699812765745,0.02290601470719469,19
105.0,6.3894221655368035,11.08977677579339,1.7393309574921498,0.3324615461835262,0.32894474243521105,1541.315363281887,8.412825991399586e-12,409.6931920029238,19.218529898822343,0.13979699812765745,0.02290601470719469,19
112.5,7.1421681912551644,10.277066540657879,1.7992951669093011,0.3716292676315901,0.3460483916550092,1621.456839675453,5.002220859751105e-12,406.0045230887244,19.218529898822343,0.13979699812765745,0.02290601470719469,19
120.0,7.820363241277494,9.54360133767733,1.8545653198675187,0.4069178694961837,0.3619120801347087,1695.7883112504837,8.640199666842818e-12,402.6314866910558,19.218529898822343,0.13979699812765745,0.02290601470719469,19
127.5,8.421100636175774,8.89051637134101,1.906912891305559,0.4381761081887848,0.376665200483231,1764.9160646876824,8.412825991399586e-12,399.54329806089606,19.218529898822343,0.13979699812765745,0.02290601470719469,19
135.0,8.950428360541105,8.311296864447666,1.9568046738335725,0.46571867919458093,0.3904319359336882,1829.4219774283497,6.821210263296962e-12,396.71019458759304,19.218529898822343,0.13979699812765745,0.02290601470719469,19
142.5,9.417430315594677,7.797222556091397,2.0038770271362694,0.4900182462016385,0.40332375632287115,1889.8283565649065,3.865352482534945e-12,394.10477429684937,19.218529898822343,0.13979699812765745,0.02290601470719469,19
150.0,9.831469693789609,7.339652445637669,2.0474077593950635,0.5115620052911567,0.4154381366773536,1946.5919346016697,5.6843418860808015e-12,391.7023839632417,19.218529898822343,0.13979699812765745,0.02290601470719469,19
157.5,10.201036047125138,6.930716080825444,2.0867777708717608,0.5307916943090547,0.4268592605954768,2000.1071652468797,7.048583938740194e-12,389.4810138643941,19.218529898822343,0.13979699812765745,0.02290601470719469,19
165.0,10.533364515942974,6.563414554884385,2.1217508279949833,0.548083780153675,0.4376593457343853,2050.7124341626177,8.185452315956354e-12,387.42103800997,19.218529898822343,0.13979699812765745,0.02290601470719469,19
172.5,10.834434866219464,6.231596484842964,2.152498547759913,0.5637494086830943,0.4479001173363639,2098.6969633730196,7.275957614183426e-12,385.5049926544226,19.218529898822343,0.13979699812765745,0.02290601470719469,19
180.0,11.109121154688305,5.929941519261028,2.1794672248730094,0.57804219225785,0.4576340968173198,2144.3068491209974,7.275957614183426e-12,383.7174526168013,19.218529898822343,0.13979699812765745,0.02290601470719469,19
0.0,2.432179037134733,9.56462757176762,9.713267435859436,0.11202997429304346,0.0,0.0,0.0,572.0574886060865,21.71007404476179,0.4710962061431325,0.11304722129623777,20
7.5,2.4321790367991567,9.564627570389268,9.713267437573364,0.11202997427758628,0.017318386692159807,71.73470678775432,7.673861546209082e-13,519.3878790951364,21.71007404476179,0.4710962061431325,0.11304722129623777,20
15.0,2.4321726659480953,9.564601402697551,9.713299976116144,0.11202968082621212,0.03463676597533186,143.4693828866475,9.094947017729282e-13,485.89783203593146,21.71007404476179,0.4710962061431325,0.11304722129623777,20
22.5,2.432157000469028,9.56453705676613,9.713379987526634,0.11202895924972026,0.05195489300332585,215.20301411620298,3.325340003357269e-12,463.91465104114786,21.71007404476179,0.4710962061431325,0.11304722129623777,20
30.0,2.4346143973655767,9.574630807179073,9.700828840217142,0.11214215079809924,0.06927888836146893,286.9609526296909,1.1368683772161603e-12,448.54681143681836,21.71007404476179,0.4710962061431325,0.11304722129623777,20
37.5,2.4434741681481045,9.611019551832669,9.655580324781015,0.1125502457112838,0.0866442873370062,358.89038958622194,1.6484591469634324e-12,437.166388851277,21.71007404476179,0.4710962061431325,0.11304722129623777,20
45.0,2.4555755121934437,9.66056743631089,9.593931096257457,0.11310765256399138,0.10409090863665445,431.15625855043874,7.389644451905042e-13,428.2841881487633,21.71007404476179,0.4710962061431325,0.11304722129623777,20
52.5,2.466661968738239,9.70446554299013,9.538946533033423,0.1136183121095064,0.12162399013410483,503.78025538466983,1.5347723092418164e-12,421.075160763426,21.71007404476179,0.4710962061431325,0.11304722129623777,20
60.0,2.4767135780959606,9.736177206360553,9.497183260305277,0.1140813049734182,0.13922604258856117,576.6899376851998,2.9274360713316128e-12,415.0516190849129,21.71007404476179,0.4710962061431325,0.11304722129623777,20
67.5,2.490253640327685,9.752733848918645,9.467086555515461,0.11470498143826156,0.15687255391802737,649.7837736496729,1.4495071809506044e-12,409.89172523292166,21.71007404476179,0.4710962061431325,0.11304722129623777,20
75.0,2.5182936590823766,9.746551376858001,9.445229008821414,0.11599654860182253,0.17453039375709464,722.924533575888,2.7569058147491887e-12,405.36438244449675,21.71007404476179,0.4710962061431325,0.11304722129623777,20
82.5,2.5805208947025617,9.701087632560373,9.428465517498855,0.11886283249803979,0.19214503590174817,795.8863637901293,1.1368683772161603e-12,401.3017913448431,21.71007404476179,0.4710962061431325,0.11304722129623777,20
90.0,2.7026514141603495,9.592289211262933,9.41513341933851,0.12448835543296757,0.20962432612571438,868.2875511156159,1.7053025658242404e-12,397.5891451397851,21.71007404476179,0.4710962061431325,0.11304722129623777,20
97.5,2.9051384677495786,9.399938093951846,9.404997483060363,0.13381522613694313,0.22683366070338717,939.5705517718255,7.958078640513122e-13,394.15302748973,21.71007404476179,0.4710962061431325,0.11304722129623777,20
105.0,3.1898960906000493,9.121573582136607,9.398604372025135,0.14693160806467667,0.24361628394532603,1009.0860660509269,2.6147972675971687e-12,390.94914300743415,21.71007404476179,0.4710962061431325,0.11304722129623777,20
112.5,3.5395368339155002,8.773906671294117,9.396630539552172,0.16303660810265733,0.25982919625775863,1076.241773541535,2.5011104298755527e-12,387.95264796847135,21.71007404476179,0.4710962061431325,0.11304722129623777,20
120.0,3.928167885846352,8.382468218301351,9.399437940614089,0.18093756279906106,0.275369345991284,1140.6108227138177,2.5011104298755527e-12,385.1490759065138,21.71007404476179,0.4710962061431325,0.11304722129623777,20
127.5,4.33090936525968,7.972212739902175,9.406951939599935,0.19948846587672708,0.29018039637485765,1201.9598603216511,2.5011104298755527e-12,382.5277030222652,21.71007404476179,0.4710962061431325,0.11304722129623777,20
135.0,4.728305173372907,7.563120162786532,9.418648708602353,0.2177931389650766,0.3042471152878986,1260.2257932072798,2.7284841053187847e-12,380.0785328856052,21.71007404476179,0.4710962061431325,0.11304722129623777,20
142.5,5.107557472889989,7.168852589439037,9.433663982432762,0.2352620936418382,0.3175848218957954,1315.4720750778488,1.3642420526593924e-12,377.7913315688136,21.71007404476179,0.4710962061431325,0.11304722129623777,20
150.0,5.461820455319167,6.797229747925453,9.451023841517172,0.25158000125001856,0.33022815283269746,1367.8421747702066,1.3642420526593924e-12,375.65542016515394,21.71007404476179,0.4710962061431325,0.11304722129623777,20
157.5,5.788561806796862,6.451676761355232,9.469835476609695,0.26663021944844667,0.3422217275076048,1417.5209108981512,1.8189894035458565e-12,373.65983631371273,21.71007404476179,0.4710962061431325,0.11304722129623777,20
165.0,6.087899861579906,6.132796522940443,9.489377660241441,0.28041819889825736,0.3536136113876263,1464.707376036006,4.320099833421409e-12,371.79366023060226,21.71007404476179,0.4710962061431325,0.11304722129623777,20
172.5,6.361361094080301,5.839600828562064,9.509112122119424,0.29301425140073034,0.3644513756705681,1509.5986154390148,4.320099833421409e-12,370.0463308469083,21.71007404476179,0.4710962061431325,0.11304722129623777,20
180.0,6.611099991931424,5.570316465670826,9.52865758715954,0.30451761602934524,0.37478001802830707,1552.381014528383,4.547473508864641e-12,368.40786640911057,21.71007404476179,0.4710962061431325,0.11304722129623777,20
0.0,2.744624556451906,10.8667141940297,10.513632684919036,0.11376695569572708,0.0,0.0,0.0,619.8531868127126,24.12497143540064,0.6347183200005908,0.11071588013159916,21
7.5,2.744624526570381,10.866714070292542,10.513632838537717,0.11376695445711318,0.019609486646526304,81.5003564090087,7.851497230149107e-13,507.81310574859435,24.12497143540064,0.6347183200005908,0.11071588013159916,21
15.0,2.743965789430436,10.863986323087481,10.517019322882724,0.11373964925836055,0.03921824108477119,162.99766963606285,1.3358203432289883e-12,472.65175441079543,24.12497143540064,0.6347183200005908,0.11071588013159916,21
22.5,2.7169656020335102,10.752236803490515,10.655769029876616,0.11262046918101937,0.05876113521597796,244.22125624326358,1.6058265828178264e-12,449.8711735526453,24.12497143540064,0.6347183200005908,0.11071588013159916,21
30.0,2.6094203158307137,10.308067757772275,11.207483361797651,0.10816262820529966,0.07781450575977006,323.4102996946914,3.069544618483633e-12,432.92926180542395,24.12497143540064,0.6347183200005908,0.11071588013159916,21
37.5,2.4631705100950754,9.706167979122121,11.955632946183442,0.10210045291413918,0.09587726468485785,398.4821930420593,1.5916157281026244e-12,420.22099768885096,24.12497143540064,0.6347183200005908,0.11071588013159916,21
45.0,2.3372980296697534,9.189861658070097,12.597811747660788,0.0968829345944856,0.11290911222395793,469.26944360919475,1.3073986337985843e-12,410.5921876128642,24.12497143540064,0.6347183200005908,0.11071588013159916,21
52.5,2.2463384831007156,8.817508677251835,13.061124275048089,0.09311258623106473,0.1291389592865494,536.7234440074776,1.5631940186722204e-12,403.0819363514558,24.12497143540064,0.6347183200005908,0.11071588013159916,21
60.0,2.183771629149573,8.560910846932519,13.380288959318548,0.09051913843699469,0.14480661272834347,601.8408722510796,1.3073986337985843e-12,397.02236036033696,24.12497143540064,0.6347183200005908,0.11071588013159916,21
67.5,2.1406901217583028,8.381058188784944,13.603223124857394,0.08873337435820068,0.16008519121368872,665.3412389064827,1.1368683772161603e-12,391.9828812463705,24.12497143540064,0.6347183200005908,0.11071588013159916,21
75.0,2.1113698041090587,8.248372566217155,13.765229065074427,0.08751802296482163,0.17508508011919313,727.6833243435179,7.958078640513122e-13,387.68396875019374,24.12497143540064,0.6347183200005908,0.11071588013159916,21
82.5,2.094216480891578,8.142545688989946,13.888209265519116,0.08680700354399402,0.18987211963067158,789.1407715548182,1.5916157281026244e-12,383.9358632682596,24.12497143540064,0.6347183200005908,0.11071588013159916,21
90.0,2.0919068675986754,8.048364445644275,13.98470012215769,0.08671126816461391,0.2044807165638857,849.8565811093437,3.979039320256561e-12,380.60355201920424,24.12497143540064,0.6347183200005908,0.11071588013159916,21
97.5,2.1111783243668962,7.951970841042023,14.06182226999172,0.08751008597129294,0.21891947458740818,909.86651131468,4.547473508864641e-13,377.5890726990887,24.12497143540064,0.6347183200005908,0.11071588013159916,21
105.0,2.1615356777824317,7.839365722322271,14.124070035295937,0.08959743987968521,0.23317185244616567,969.1018139058554,2.5295321393059567e-12,374.82252303400145,24.12497143540064,0.6347183200005908,0.11071588013159916,21
112.5,2.2520856777123472,7.698127840416806,14.174757917271489,0.0933508121965139,0.24719697681067032,1027.3926123847787,1.3073986337985843e-12,372.2554604468678,24.12497143540064,0.6347183200005908,0.11071588013159916,21
120.0,2.387250853421251,7.521102730788282,14.21661785119111,0.09895352041404837,0.2609357248966026,1084.49318242012,1.4779288903810084e-12,369.85498382090606,24.12497143540064,0.6347183200005908,0.11071588013159916,21
127.5,2.5643082966452773,7.30863925383644,14.252023884918923,0.10629269773486438,0.2743227062497969,1140.1317501803503,1.2505552149377763e-12,367.5992329426211,24.12497143540064,0.6347183200005908,0.11071588013159916,21
135.0,2.7747296447434895,7.067248239677317,14.282993550979835,0.1150148364806721,0.28729910924678137,1194.063884571462,2.2737367544323206e-12,365.47388422934876,24.12497143540064,0.6347183200005908,0.11071588013159916,21
142.5,3.007528323818711,6.806306470787877,14.31113664079405,0.1246645340854376,0.29982093349086697,1246.1067124730646,2.6716406864579767e-12,363.46906829694535,24.12497143540064,0.6347183200005908,0.11071588013159916,21
150.0,3.2519324698532834,6.535393666550153,14.337645298997202,0.13479528788504364,0.3118615774682502,1296.149673476562,1.8189894035458565e-12,361.5771405781296,24.12497143540064,0.6347183200005908,0.11071588013159916,21
157.5,3.4987712179149386,6.262896094986997,14.363304122498704,0.14502695795033738,0.32341079606726764,1344.1501871581484,4.320099833421409e-12,359.7914858757641,24.12497143540064,0.6347183200005908,0.11071588013159916,21
165.0,3.7410473008960254,5.995397644969168,14.388526489535446,0.15506950177799864,0.3344719170865638,1390.1220844140876,3.240074875066057e-12,358.1059720400683,24.12497143540064,0.6347183200005908,0.11071588013159916,21
172.5,3.9739998959781704,5.737528962519056,14.413442576903414,0.16472557932842896,0.34505839042873915,1434.1212653235275,3.637978807091713e-12,356.514702703926,24.12497143540064,0.6347183200005908,0.11071588013159916,21
180.0,4.194814722133899,5.4921432343584655,14.438013478908275,0.17387853632765293,0.35519039121841317,1476.231581130345,3.808509063674137e-12,355.01190626765094,24.12497143540064,0.6347183200005908,0.11071588013159916,21
0.0,3.030360274785859,15.913843104884693,0.035975638964788254,0.15965920404705117,0.0,0.0,0.0,663.5630092169163,18.98017901863534,0.3039500980626122,0.006163566913587881,22
7.5,3.0303602747858593,15.913843104884691,0.03597563896478835,0.15965920404705117,0.024935053138870428,119.35382328663515,1.3926637620897964e-12,557.9826124624335,18.98017901863534,0.3039500980626122,0.006163566913587881,22
15.0,3.0303602747865677,15.913843104883984,0.03597563896478899,0.1596592040470885,0.049870106277740814,238.7076465732701,4.831690603168681e-12,511.23556504372283,18.98017901863534,0.3039500980626122,0.006163566913587881,22
22.5,3.0303602818511166,15.91384309781282,0.03597563897140367,0.15965920441929515,0.07480515941530835,358.0614698536688,1.4210854715202004e-12,483.7393024990828,18.98017901863534,0.3039500980626122,0.006163566913587881,22
30.0,3.030362121564669,15.913841255971773,0.03597564109889958,0.1596593013474406,0.09974021202034918,477.41529058508166,3.808509063674137e-12,465.25616081190003,18.98017901863534,0.3039500980626122,0.006163566913587881,22
37.5,3.0304685646721463,15.91373431213707,0.0359761418261254,0.15966490946669873,0.12467522493519094,596.7689213358685,4.092726157978177e-12,451.4971726880343,18.98017901863534,0.3039500980626122,0.006163566913587881,22
45.0,3.0339983593710462,15.90920739484374,0.03697326442055303,0.15985088214353357,0.14960859084311584,716.1146685432992,3.751665644813329e-12,440.2360688296445,18.98017901863534,0.3039500980626122,0.006163566913587881,22
52.5,2.997737925616558,15.49698163635194,0.48545945666684176,0.1579404452757418,0.17437281733308035,834.6508150617071,7.048583938740194e-12,430.9149277379829,18.98017901863534,0.3039500980626122,0.006163566913587881,22
60.0,2.8959487198954297,14.723410809831107,1.360819488908806,0.1525775240081822,0.19809891667110294,948.2178747306957,3.183231456205249e-12,423.2120066649235,18.98017901863534,0.3039500980626122,0.006163566913587881,22
67.5,2.76091767697297,13.776488663579158,2.442772678083213,0.1454632052870636,0.22039328753076762,1054.931840209402,5.6843418860808015e-12,416.7952397643236,18.98017901863534,0.3039500980626122,0.006163566913587881,22
75.0,2.725253763093618,13.166657133169789,3.0882681223719315,0.14358419698875746,0.24147907768251892,1155.8608279125822,9.777068044058979e-12,411.36126205890685,18.98017901863534,0.3039500980626122,0.006163566913587881,22
82.5,2.8091727367050425,12.691908634762015,3.4790976471682846,0.14800559752080883,0.26173877357799147,1252.8356428561183,4.547473508864641e-12,406.61643686953255,18.98017901863534,0.3039500980626122,0.006163566913587881,22
90.0,3.036539522572403,12.201091594334603,3.7425479017283347,0.15998476724540017,0.2812540852230958,1346.2473971644515,5.6843418860808015e-12,402.3509693603574,18.98017901863534,0.3039500980626122,0.006163566913587881,22
97.5,3.408641673125265,11.646708334862911,3.9248290106471666,0.17958954284775464,0.29995256386031527,1435.7493084925102,8.86757334228605e-12,398.4479867736037,18.98017901863534,0.3039500980626122,0.006163566913587881,22
105.0,3.886319240564696,11.033801666593401,4.060058111477245,0.2047567220914505,0.3177347052576056,1520.8650910886042,6.59383658785373e-12,394.84095232933356,18.98017901863534,0.3039500980626122,0.006163566913587881,22
112.5,4.414997006456053,10.386850101541416,4.178331910637873,0.23261092543549086,0.3345261728991179,1601.238926686498,8.185452315956354e-12,391.49155186347065,18.98017901863534,0.3039500980626122,0.006163566913587881,22
120.0,4.948028376959056,9.736561598516142,4.295589043160143,0.2606945051519759,0.3502972647396045,1676.7286438362244,8.185452315956354e-12,388.3731312701651,18.98017901863534,0.3039500980626122,0.006163566913587881,22
127.5,5.453448867398285,9.107618342466587,4.419111808770468,0.28732336307491707,0.3650633410085009,1747.4077656259235,4.320099833421409e-12,385.46463946056997,18.98017901863534,0.3039500980626122,0.006163566913587881,22
135.0,5.916278718894263,8.51563110215717,4.548269197583907,0.3117082675081976,0.3788705045857963,1813.496967542452,6.139089236967266e-12,382.75933601988413,18.98017901863534,0.3039500980626122,0.006163566913587881,22
142.5,6.339002232166287,7.974860733169096,4.666316053299957,0.3339801076661318,0.3917879993671978,1875.3276915781687,8.86757334228605e-12,380.2608455171037,18.98017901863534,0.3039500980626122,0.006163566913587881,22
150.0,6.727714658589425,7.491716985668795,4.76074737437712,0.3544600212666036,0.4039026809636943,1933.3156797484476,7.73070496506989e-12,377.96062756367985,18.98017901863534,0.3039500980626122,0.006163566913587881,22
157.5,7.084221976136203,7.062106474942446,4.833850567556691,0.37324315904400535,0.4153026188789342,1987.8824844725618,7.73070496506989e-12,375.8378408434327,18.98017901863534,0.3039500980626122,0.006163566913587881,22
165.0,7.409330096526503,6.678546919043525,4.892302003065315,0.39037198170005605,0.4260659762242598,2039.40224035238,6.821210263296962e-12,373.8708556700011,18.98017901863534,0.3039500980626122,0.006163566913587881,22
172.5,7.704838849548636,6.334122175582145,4.941217993504559,0.4059413160425822,0.4362594178720886,2088.194044658625,8.185452315956354e-12,372.04141559661366,18.98017901863534,0.3039500980626122,0.006163566913587881,22
180.0,7.973381163003322,6.02311502409952,4.983682831532499,0.42008988193287344,0.4459396997305151,2134.5295645334304,9.094947017729282e-12,370.33443879949334,18.98017901863534,0.3039500980626122,0.006163566913587881,22
0.0,2.155222181925598,9.266497388136923,4.496215160746536,0.13539584238614696,0.0,0.0,0.0,529.6905943815799,15.917934730809058,0.2145846728195292,0.08170572874492724,23
7.5,2.15522218193409,9.266497388176012,4.496215160698956,0.13539584238668045,0.016046468131426177,69.49873041103793,2.4584778657299466e-12,495.5656165043947,15.917934730809058,0.2145846728195292,0.08170572874492724,23
15.0,2.1552242747006147,9.266507020798365,4.496203435310079,0.1353959738589198,0.03209293817152529,138.997469088714,7.389644451905042e-13,464.9569887857185,15.917934730809058,0.2145846728195292,0.08170572874492724,23
22.5,2.155654715907147,9.268488315853373,4.493791699048537,0.1354230151311584,0.04814018046359957,208.49955246077346,1.7053025658242404e-12,444.42614810380695,15.917934730809058,0.2145846728195292,0.08170572874492724,23
30.0,2.1620771647597086,9.298062602068667,4.457794963980682,0.1358264876268793,0.06420730281789111,278.0877382120777,2.4442670110147446e-12,430.16271625836913,15.917934730809058,0.2145846728195292,0.08170572874492724,23
37.5,2.1859509787565714,9.408188493395732,4.323795258656753,0.13732629362562201,0.08038873449534702,348.17100816315735,3.296918293926865e-12,419.75192645456974,15.917934730809058,0.2145846728195292,0.08170572874492724,23
45.0,2.2261438220402434,9.594190717177627,4.0976001915911855,0.13985129727486295,0.09683223531104812,419.3893236730965,2.7853275241795927e-12,411.6895316600352,15.917934730809058,0.2145846728195292,0.08170572874492724,23
52.5,2.26999544866426,9.797160528985101,3.8507787531596973,0.142606153816594,0.113620974942736,492.1029002712187,2.5011104298755527e-12,405.1199187568147,15.917934730809058,0.2145846728195292,0.08170572874492724,23
60.0,2.309020673797644,9.972350576460425,3.636563480550987,0.14505780510134583,0.13074150807218013,566.2535050467463,2.2737367544323206e-12,399.5776734428831,15.917934730809058,0.2145846728195292,0.08170572874492724,23
67.5,2.3442342793818054,10.103810293897915,3.4698901575293366,0.14727000198364648,0.14812906877456528,641.5606308181806,1.4779288903810084e-12,394.78383218393446,15.917934730809058,0.2145846728195292,0.08170572874492724,23
75.0,2.386523597188336,10.186228293709195,3.345182839911525,0.14992671081690234,0.16570332751913458,717.6763629941988,5.002220859751105e-12,390.5422277216046,15.917934730809058,0.2145846728195292,0.08170572874492724,23
82.5,2.4580509308780027,10.208368874267848,3.2515149256632068,0.15442021672073208,0.18337138902413622,794.1983635593544,4.774847184307873e-12,386.7083708862251,15.917934730809058,0.2145846728195292,0.08170572874492724,23
90.0,2.5906623368098987,10.147972929238737,3.1792994647604216,0.1627511596586515,0.20101119855862906,870.5980022398954,4.206412995699793e-12,383.1831032798716,15.917934730809058,0.2145846728195292,0.08170572874492724,23
97.5,2.813450879639187,9.982247153086213,3.122236698083658,0.17674723054327965,0.2184590709086818,946.1663433085256,2.1884716261411086e-12,379.90277245504683,15.917934730809058,0.2145846728195292,0.08170572874492724,23
105.0,3.1337907706814,9.707189536379685,3.0769544237479725,0.19687169370131719,0.2355254934609933,1020.0825901940973,7.958078640513122e-12,376.8289154267971,15.917934730809058,0.2145846728195292,0.08170572874492724,23
112.5,3.533136244171679,9.343069799759537,3.0417286868778404,0.22195946295302474,0.25203556649152387,1091.5892360938396,3.637978807091713e-12,373.94168282075896,15.917934730809058,0.2145846728195292,0.08170572874492724,23
120.0,3.980670970657914,8.921845524499636,3.0154182356515085,0.25007458806533184,0.2678617163812607,1160.133747921798,4.320099833421409e-12,371.23133275097314,15.917934730809058,0.2145846728195292,0.08170572874492724,23
127.5,4.4460698648771935,8.47482170747487,2.9970431584569943,0.2793119798557695,0.28293237076513017,1225.4061391772425,5.4569682106375694e-12,368.69097875907283,15.917934730809058,0.2145846728195292,0.08170572874492724,23
135.0,4.905289957355006,8.027080889283802,2.98556388417025,0.30816120560293847,0.297225287490086,1287.3100770481385,5.229594535194337e-12,366.3135235713204,15.917934730809058,0.2145846728195292,0.08170572874492724,23
142.5,5.342481053517986,7.5956710123242495,2.979782664966823,0.3356265208939228,0.31075494120403224,1345.9082525668205,5.9117155615240335e-12,364.0908780292729,15.917934730809058,0.2145846728195292,0.08170572874492724,23
150.0,5.749325209791037,7.190156274771349,2.9784532462466733,0.36118537404624834,0.32355870248880064,1401.3625211628294,5.229594535194337e-12,362.0139290720641,15.917934730809058,0.2145846728195292,0.08170572874492724,23
157.5,6.122961537989579,6.814534551962829,2.980438640856649,0.38465803771255747,0.3356854448538826,1453.8845585041415,4.320099833421409e-12,360.0728103514099,15.917934730809058,0.2145846728195292,0.08170572874492724,23
165.0,6.463813256621583,6.469325344860392,2.984796129327082,0.4060710994191297,0.34718776049543937,1503.7021462329728,3.865352482534945e-12,358.2573488127033,15.917934730809058,0.2145846728195292,0.08170572874492724,23
172.5,6.7739727857289616,6.153173114036728,2.990788831043367,0.42555600963848544,0.35811732572361893,1551.039099204916,1.8189894035458565e-12,356.55750882565343,15.917934730809058,0.2145846728195292,0.08170572874492724,23
180.0,7.056218271334604,5.863858180195841,2.997858279278613,0.44328729767168473,0.36852263080362513,1596.105433221664,3.183231456205249e-12,354.9636948602254,15.917934730809058,0.2145846728195292,0.08170572874492724,23
0.0,4.232926257508977,21.922293024881807,0.17985754931336906,0.16073339313037663,0.0,0.0,0.0,847.5230189792595,26.335076831704153,0.23393948586534075,0.011660548337813204,24
7.5,4.23292625750898,21.922293024881803,0.17985754931336934,0.16073339313037674,0.034589076791891785,164.41719768661355,1.9610979506978765e-12,678.1610863829083,26.335076831704153,0.23393948586534075,0.011660548337813204,24
15.0,4.232926260020158,21.922293022309304,0.17985754937468798,0.16073339322573163,0.0691781535834816,328.8343953717917,1.4210854715202004e-12,611.2418500270014,26.335076831704153,0.23393948586534075,0.011660548337813204,24
22.5,4.232932710237596,21.922285911548087,0.1798582099184714,0.16073363815448116,0.1037672287948013,493.25158554524626,2.1600499167107046e-12,574.365947578568,26.335076831704153,0.23393948586534075,0.011660548337813204,24
30.0,4.233861386247154,21.920804420759247,0.1804110246977545,0.16076890199728266,0.13835588115867448,657.6667657375549,6.536993168992922e-13,549.8765024113311,26.335076831704153,0.23393948586534075,0.011660548337813204,24
37.5,4.225215990204322,21.668569377359084,0.4412914641407476,0.16044061755375963,0.1728646969771231,821.7024474786426,3.637978807091713e-12,531.4978015686359,26.335076831704153,0.23393948586534075,0.011660548337813204,24
45.0,4.1073839517934765,20.559833487011623,1.6678593928990568,0.1559662794242809,0.20624325878348446,980.3655314351893,1.9326762412674725e-12,517.2044059699053,26.335076831704153,0.23393948586534075,0.011660548337813204,24
52.5,4.102757268281962,19.363153405629138,2.8691661577930514,0.15579059421397828,0.23771673050172074,1129.9728786481783,1.3642420526593924e-12,505.73440840363605,26.335076831704153,0.23393948586534075,0.011660548337813204,24
60.0,4.5119712411020325,18.295161228008062,3.527944362594062,0.1713293365322626,0.26745002377918087,1271.3083871986753,3.410605131648481e-12,496.08136654659324,26.335076831704153,0.23393948586534075,0.011660548337813204,24
67.5,5.400130316968199,17.025505392492917,3.909441122243038,0.20505466346189333,0.2953577150233527,1403.9660009267636,2.7284841053187847e-12,487.6280029336812,26.335076831704153,0.23393948586534075,0.011660548337813204,24
75.0,6.578707712427384,15.603140691369326,4.153228427907443,0.24980780403524167,0.3211211584658777,1526.4310554022998,4.320099833421409e-12,480.1051813677792,26.335076831704153,0.23393948586534075,0.011660548337813204,24
82.5,7.810660201555509,14.18532001428063,4.339096615868014,0.29658771270993395,0.34462526423490025,1638.1564775037173,6.821210263296962e-12,473.3851113072652,26.335076831704153,0.23393948586534075,0.011660548337813204,24
90.0,8.94256128934027,12.877175343099578,4.515340199264306,0.33956845261884866,0.3659682484623264,1739.6091319950797,2.2737367544323206e-12,467.37056247371896,26.335076831704153,0.23393948586534075,0.011660548337813204,24
97.5,9.919821225122343,11.718238227492911,4.697017379088899,0.37667713249957613,0.38536153342246743,1831.7940025618418,3.637978807091713e-12,461.9788475902501,26.335076831704153,0.23393948586534075,0.011660548337813204,24
105.0,10.752894237198621,10.712668168430152,4.869514426075381,0.40831072208050195,0.4030459627379019,1915.855925585249,4.320099833421409e-12,457.1514881256842,26.335076831704153,0.23393948586534075,0.011660548337813204,24
112.5,11.473579334895845,9.853157657085479,5.008339839722829,0.4356766987322051,0.4192595549937001,1992.9263087923725,5.229594535194337e-12,452.83330706737695,26.335076831704153,0.23393948586534075,0.011660548337813204,24
120.0,12.102702844097795,9.119613825203954,5.112760162402405,0.45956588323021896,0.4342184684910302,2064.0326483013823,1.3642420526593924e-12,448.95503928226674,26.335076831704153,0.23393948586534075,0.011660548337813204,24
127.5,12.653539691335812,8.48795671812405,5.193580422244292,0.480482353334262,0.44810251111006194,2130.0296505838437,2.7284841053187847e-12,445.4497805465099,26.335076831704153,0.23393948586534075,0.011660548337813204,24
135.0,13.138306613251995,7.937399875519079,5.259370342933083,0.4988900050382655,0.4610556527569952,2191.6016683523485,4.092726157978177e-12,442.26191119348243,26.335076831704153,0.23393948586534075,0.011660548337813204,24
142.5,13.568398333093718,7.451497428800905,5.31518106980953,0.515221520704244,0.47319248529161373,2249.2934074565696,2.2737367544323206e-12,439.3462739454475,26.335076831704153,0.23393948586534075,0.011660548337813204,24
150.0,13.953603949268057,7.017527997248275,5.363944885187818,0.5298486136356988,0.48460465251175006,2303.540491446556,1.8189894035458565e-12,436.66598127699956,26.335076831704153,0.23393948586534075,0.011660548337813204,24
157.5,14.301799079728475,6.625807285547715,5.407470466427964,0.5430703381321026,0.4953661793290273,2354.694793504738,2.7284841053187847e-12,434.1907563943129,26.335076831704153,0.23393948586534075,0.011660548337813204,24
165.0,14.61902853484526,6.269103843320032,5.446944453538862,0.5551162287571445,0.5055377968755845,2403.0449955933045,5.4569682106375694e-12,431.89571639731025,26.335076831704153,0.23393948586534075,0.011660548337813204,24
172.5,14.909789221945278,5.942117949914133,5.483169659844744,0.566157042837853,0.5151704002374438,2448.833024591951,3.637978807091713e-12,429.76037982441596,26.335076831704153,0.23393948586534075,0.011660548337813204,24
180.0,15.177395684281755,5.640998037395678,5.516683110026717,0.5763186407722973,0.5243077034674436,2492.266672749961,6.366462912410498e-12,427.767793986682,26.335076831704153,0.23393948586534075,0.011660548337813204,24
0.0,1.1809119263020706,4.38622233737488,6.467463036872964,0.09812641809361661,0.0,0.0,0.0,380.6475258838378,12.034597300549914,0.2935937577666836,0.132383302945379,25
7.5,1.1809119263020724,4.386222337374886,6.467463036872955,0.09812641809361676,0.008172025355357333,32.89666753031158,1.4921397450962104e-12,397.9956209481805,12.034597300549914,0.2935937577666836,0.132383302945379,25
15.0,1.1809119290309844,4.3862223478569105,6.4674630236620185,0.09812641832037233,0.016344050712557057,65.79333506803975,1.1830536550405668e-12,386.9593091376545,12.034597300549914,0.2935937577666836,0.132383302945379,25
22.5,1.1809143347573055,4.386231588491164,6.467451377301444,0.09812661822122991,0.024516079026267453,98.69001450726655,1.5489831639570184e-12,376.3239472675373,12.034597300549914,0.2935937577666836,0.132383302945379,25
30.0,1.1810549540021622,4.386771723071836,6.466770623475915,0.09813830280371696,0.032688373660068555,131.58776602386703,4.064304448547773e-12,367.7626039719677,12.034597300549914,0.2935937577666836,0.132383302945379,25
37.5,1.183050771703345,4.394438319437685,6.457108209408882,0.09830414281076827,0.040865986795679925,164.50692728630207,1.2860823517257813e-12,361.15235217745715,12.034597300549914,0.2935937577666836,0.132383302945379,25
45.0,1.19464248876097,4.438982076232345,6.400972735556597,0.0992673422239381,0.04908443602312871,197.5904751332124,1.0800249583553523e-12,356.1627419772981,12.034597300549914,0.2935937577666836,0.132383302945379,25
52.5,1.2300359130323133,4.575158046856502,6.229403340661097,0.10220831510299955,0.05746147227075559,231.31241851251076,1.3073986337985843e-12,352.35408284576056,12.034597300549914,0.2935937577666836,0.132383302945379,25
60.0,1.295480015651508,4.827596534996019,5.911520749902387,0.107646311986884,0.06620063102876095,266.49209400975377,1.7053025658242404e-13,349.26172191723595,12.034597300549914,0.2935937577666836,0.132383302945379,25
67.5,1.3792249265528447,5.151742978663889,5.50362939533318,0.11460499193353332,0.07548645251228533,303.87237231359774,2.7853275241795927e-12,346.5531302106591,12.034597300549914,0.2935937577666836,0.132383302945379,25
75.0,1.4636220027595392,5.479393114847849,5.091582182942524,0.12161786275080928,0.08538886247374404,343.73474107599964,1.1368683772161603e-12,344.0658541412901,12.034597300549914,0.2935937577666836,0.132383302945379,25
82.5,1.5374230403344054,5.7655923906576225,4.7315818695578855,0.1277502688240473,0.09586807378446287,385.9190363367336,8.526512829121202e-13,341.74033273808004,12.034597300549914,0.2935937577666836,0.132383302945379,25
90.0,1.5978635249222153,5.99601595930611,4.440717816321587,0.1327724962470661,0.1068297883923599,430.045659216305,1.8189894035458565e-12,339.557435811128,12.034597300549914,0.2935937577666836,0.132383302945379,25
97.5,1.6476563475932058,6.173714896179796,4.213226056776912,0.13690996935293523,0.11817137699429511,475.70147320112585,1.0231815394945443e-12,337.50707078602784,12.034597300549914,0.2935937577666836,0.132383302945379,25
105.0,1.692297719220653,6.30639038992055,4.03590919140871,0.1406193889963667,0.1298016194240425,522.5192695088067,1.0231815394945443e-12,335.5778518550969,12.034597300549914,0.2935937577666836,0.132383302945379,25
112.5,1.738913979050091,6.400062014637902,3.89562130686192,0.14449290953596197,0.14164265329230524,570.1856113813309,2.1600499167107046e-12,333.75641047061106,12.034597300549914,0.2935937577666836,0.132383302945379,25
120.0,1.795696538778759,6.4570569641307545,3.7818437976404002,0.1492111862103359,0.15362455206708206,618.4190080285009,9.094947017729282e-13,332.02936149016347,12.034597300549914,0.2935937577666836,0.132383302945379,25
127.5,1.870972220234839,6.476490141941046,3.6871349383740273,0.1554661259957029,0.1656785539737424,666.9426574164938,2.4158453015843406e-12,330.38483980813527,12.034597300549914,0.2935937577666836,0.132383302945379,25
135.0,1.971553701948146,6.4563240131989525,3.606719585402814,0.16382382000086176,0.17773279780240986,715.4672806668391,1.7053025658242404e-12,328.81310345714974,12.034597300549914,0.2935937577666836,0.132383302945379,25
142.5,2.100902058105614,6.395933038440484,3.5377622040038137,0.17457186191096022,0.18971255479427585,763.6920555198668,1.9326762412674725e-12,327.3067128368882,12.034597300549914,0.2935937577666836,0.132383302945379,25
150.0,2.2582738464018934,6.297716547027138,3.4786069071208816,0.18764847630578407,0.20154457388188507,811.3221081949006,1.3642420526593924e-12,325.8605971172695,12.034597300549914,0.2935937577666836,0.132383302945379,25
157.5,2.439422892369206,6.1669941473775785,3.4281802608031287,0.20270083256194524,0.21316289526900675,858.0919160836987,3.751665644813329e-12,324.471725547523,12.034597300549914,0.2935937577666836,0.132383302945379,25
165.0,2.6381798160011956,6.010777392244582,3.3856400923041354,0.2192162936669801,0.2245132031611999,903.7828297629335,1.8189894035458565e-12,323.1384157851543,12.034597300549914,0.2935937577666836,0.132383302945379,25
172.5,2.8478804445252264,5.836503787113026,3.35021306891166,0.23664110841457855,0.23555482977293743,948.2311401688778,3.865352482534945e-12,321.85958842618345,12.034597300549914,0.2935937577666836,0.132383302945379,25
180.0,3.0622895457241883,5.651168003629589,3.321139751196135,0.25445716788415174,0.24626065521135723,991.3276755772471,1.9326762412674725e-12,320.63429753903995,12.034597300549914,0.2935937577666836,0.132383302945379,25
0.0,1.8508726830393996,6.86476595472356,10.210165170769,0.0977962522365896,0.0,0.0,0.0,483.1333679252915,18.92580380853196,0.7838982091064135,0.1328627080654775,26
7.5,1.850872683012391,6.86476595461999,10.210165170899579,0.09779625223516251,0.012799021553334624,51.48574466039364,1.4424017535930034e-12,402.71983012431815,18.92580380853196,0.7838982091064135,0.1328627080654775,26
15.0,1.85086885623322,6.864751280020712,10.210183672278026,0.09779605003613258,0.025598039835982515,102.97147616402047,1.957545237019076e-12,379.4333251857144,18.92580380853196,0.7838982091064135,0.1328627080654775,26
22.5,1.8501579781938906,6.862025299059854,10.213620531278217,0.09775848872320124,0.038395887842841286,154.45250007963287,2.3590018827235326e-12,366.05669493336234,18.92580380853196,0.7838982091064135,0.1328627080654775,26
30.0,1.8398760780116534,6.822604486802346,10.26332324371796,0.09721521456236469,0.0511648688002526,205.81740249871078,3.495870259939693e-12,356.1671027064659,18.92580380853196,0.7838982091064135,0.1328627080654775,26
37.5,1.8011985021447092,6.674421650435856,10.450183655951394,0.09517157212274964,0.06376907787673161,256.5194883928268,3.410605131648481e-12,348.02346413254344,18.92580380853196,0.7838982091064135,0.1328627080654775,26
45.0,1.7317294621163326,6.408662059493841,10.785412286921789,0.09150097293810316,0.0759824324568601,305.64931075768675,3.069544618483633e-12,341.1535302628929,18.92580380853196,0.7838982091064135,0.1328627080654775,26
52.5,1.6468156190753969,6.0844602887614805,11.194527900695082,0.08701430257524884,0.08763589389868875,352.52688946192876,1.1937117960769683e-12,335.36965545134757,18.92580380853196,0.7838982091064135,0.1328627080654775,26
60.0,1.5612234762196355,5.7583583269822665,11.606222005330057,0.08249179226489808,0.09867642075953957,396.9388583382438,2.2737367544323206e-12,330.5076736129791,18.92580380853196,0.7838982091064135,0.1328627080654775,26
67.5,1.4828928452644932,5.4605181147242385,11.982392848543228,0.07835296509815814,0.10913217463932247,438.99850111977884,7.958078640513122e-13,326.4062597460422,18.92580380853196,0.7838982091064135,0.1328627080654775,26
75.0,1.4146735538010689,5.201582702623504,12.30954755210739,0.07474840002110339,0.11906787346937948,478.96615418257176,7.958078640513122e-13,322.9214594580574,18.92580380853196,0.7838982091064135,0.1328627080654775,26
82.5,1.3567769188324106,4.982152936164775,12.586873953534774,0.0716892625834344,0.12855760544801434,517.1398470317936,2.7284841053187847e-12,319.93315815008333,18.92580380853196,0.7838982091064135,0.1328627080654775,26
90.0,1.3082726443433972,4.798528550495422,12.819002613693138,0.06912639788401556,0.1376720027136913,553.8037067181439,4.206412995699793e-12,317.34447697198243,18.92580380853196,0.7838982091064135,0.1328627080654775,26
97.5,1.2678454796825605,4.6455846656822395,13.012373663167159,0.06699031082162026,0.146473179406024,589.2075955235653,2.0463630789890885e-12,315.0786212179528,18.92580380853196,0.7838982091064135,0.1328627080654775,26
105.0,1.2341553123269497,4.518120703213937,13.173527792991072,0.06521019264558682,0.1550134860707161,623.562100391575,2.1600499167107046e-12,313.07525363470484,18.92580380853196,0.7838982091064135,0.1328627080654775,26
112.5,1.2059995046293461,4.4114483363794275,13.308355967523188,0.06372249849095805,0.16333600243187513,657.040515168597,2.2453150450019166e-12,311.2871245838743,18.92580380853196,0.7838982091064135,0.1328627080654775,26
120.0,1.1823746320444104,4.321589867043238,13.42183930944431,0.062474209497584615,0.17147570751846342,689.7835475912439,1.9610979506978765e-12,309.67717678620284,18.92580380853196,0.7838982091064135,0.1328627080654775,26
127.5,1.1624870123097173,4.245273724146123,13.51804307207612,0.06142338915009018,0.1794608262858692,721.9047362483924,3.751665644813329e-12,308.2161476852939,18.92580380853196,0.7838982091064135,0.1328627080654775,26
135.0,1.1457418507800534,4.1798391202905405,13.600222837461367,0.06053860973997524,0.18731406835560807,753.4954335742746,4.547473508864641e-12,306.88067868279506,18.92580380853196,0.7838982091064135,0.1328627080654775,26
142.5,1.1317278600318408,4.123114211416652,13.670961737083466,0.059798139697593476,0.19505365212878506,784.6289254793412,3.865352482534945e-12,305.6518804067793,18.92580380853196,0.7838982091064135,0.1328627080654775,26
150.0,1.120204658153558,4.073298735815421,13.732300414562978,0.05918927774410076,0.2026941044557916,815.3636481266111,2.8421709430404007e-12,304.51426970795694,18.92580380853196,0.7838982091064135,0.1328627080654775,26
157.5,1.1110938606820437,4.028861865053933,13.785848082795983,0.058707882207948835,0.21024686081563326,845.7456022318185,2.6147972675971687e-12,303.45499400623044,18.92580380853196,0.7838982091064135,0.1328627080654775,26
165.0,1.1044716056574746,3.9884577578961133,13.83287444497837,0.05835797606438077,0.21772068523013277,875.8100422234273,3.751665644813329e-12,302.4632837030458,18.92580380853196,0.7838982091064135,0.1328627080654775,26
172.5,1.100558365263472,3.9508587102998676,13.87438673296862,0.05815120860374386,0.22512195026539955,905.5826025853063,1.9042545318370685e-12,301.53006785511883,18.92580380853196,0.7838982091064135,0.1328627080654775,26
180.0,1.09970165105762,3.9149084927042375,13.911193664770103,0.0581059416119416,0.23245481088361053,935.0799971983424,2.2737367544323206e-12,300.647703640355,18.92580380853196,0.7838982091064135,0.1328627080654775,26
0.0,2.4271532573371504,11.88665670394771,0.8458615747169023,0.1601059265415517,0.0,0.0,0.0,571.288680479207,15.159671536001763,0.8140203846660347,0.033394583981540785,27
7.5,2.427153257337153,11.88665670394771,0.8458615747168998,0.16010592654155187,0.0192865296800105,89.14992527960783,6.934897101018578e-12,412.0160556150516,15.159671536001763,0.8140203846660347,0.033394583981540785,27
15.0,2.427153253993804,11.886656681610727,0.8458616003972308,0.16010592632100953,0.038573059357425915,178.29985054722016,2.2168933355715126e-12,375.52322692332996,15.159671536001763,0.8140203846660347,0.033394583981540785,27
22.5,2.427143982197041,11.886594765441012,0.8459327883637112,0.1601053147116656,0.05785957484909136,267.44971024271706,1.2505552149377763e-12,357.7932263001088,15.159671536001763,0.8140203846660347,0.033394583981540785,27
30.0,2.425863418918605,11.878121022371683,0.8556870947114754,0.16002084300821243,0.07714321040881444,356.58625776014304,1.6910917111090384e-12,345.34091219105574,15.159671536001763,0.8140203846660347,0.033394583981540785,27
37.5,2.3823707486848633,11.614419400557995,1.1628813867589056,0.15715187120163646,0.09629758773964382,445.12532290832803,1.4921397450962104e-12,334.47162256438617,15.159671536001763,0.8140203846660347,0.033394583981540785,27
45.0,2.1731521650271124,10.465129834199814,2.5213895367748362,0.14335087405200225,0.11432614239263854,528.460392870636,4.547473508864641e-13,325.11259998837943,15.159671536001763,0.8140203846660347,0.033394583981540785,27
52.5,1.9106855559001388,9.095001917514036,4.15398406258759,0.12603739806384132,0.1301956354445409,601.8154309866264,5.7980287238024175e-12,317.6306533744595,15.159671536001763,0.8140203846660347,0.033394583981540785,27
60.0,1.6927988979325452,7.98701528165632,5.479857356412898,0.11166461581389954,0.14402585207187912,665.7441314518996,4.547473508864641e-13,311.69760752945217,15.159671536001763,0.8140203846660347,0.033394583981540785,27
67.5,1.5266780897389614,7.154927900140903,6.478065546121899,0.10070654143880019,0.15628802280071963,722.4247070857288,3.069544618483633e-12,306.9095953156012,15.159671536001763,0.8140203846660347,0.033394583981540785,27
75.0,1.3986303874111745,6.5200346420119475,7.241006506578643,0.09225994007123796,0.16736713454857838,773.6367188303681,4.206412995699793e-12,302.9607632852836,15.159671536001763,0.8140203846660347,0.033394583981540785,27
82.5,1.297714445127608,6.023466070232309,7.838491020641846,0.0856030714152181,0.17753305311983403,820.6275925677695,1.8189894035458565e-12,299.6437187644416,15.159671536001763,0.8140203846660347,0.033394583981540785,27
90.0,1.2163692204226004,5.625549656834396,8.317752658744768,0.08023717516134309,0.1869766210603456,864.2794776003623,4.774847184307873e-12,296.81396904516123,15.159671536001763,0.8140203846660347,0.033394583981540785,27
97.5,1.1491380451132664,5.2981164401085685,8.71241705077993,0.07580230497634792,0.19583414307134966,905.2224278638264,1.3642420526593924e-12,294.36641647898557,15.159671536001763,0.8140203846660347,0.033394583981540785,27
105.0,1.0920866153278341,5.021086521434625,9.046498399239304,0.07203893651219985,0.20420298180164875,943.9064918121751,2.9558577807620168e-12,292.2229134238142,15.159671536001763,0.8140203846660347,0.033394583981540785,27
112.5,1.0424978400744869,4.780702882397482,9.336470813529795,0.06876783824759813,0.21215314077049346,980.6552532427035,2.1600499167107046e-12,290.3253909184843,15.159671536001763,0.8140203846660347,0.033394583981540785,27
120.0,0.9986713940028187,4.568402412169398,9.592597729829548,0.0658768490881307,0.2197366053577963,1015.7090090264257,1.9326762412674725e-12,288.6312196922571,15.159671536001763,0.8140203846660347,0.033394583981540785,27
127.5,0.9596767277369775,4.379521422257728,9.820473386007057,0.06330458581888802,0.226994795956198,1049.2592205081376,3.183231456205249e-12,287.108905140657,15.159671536001763,0.8140203846660347,0.033394583981540785,27
135.0,0.9250086398657804,4.211553807336678,10.023109088799306,0.0610177230864821,0.23396353194649877,1081.4714589531147,3.410605131648481e-12,285.7340837446777,15.159671536001763,0.8140203846660347,0.033394583981540785,27
142.5,0.8942925978906962,4.062667997441798,10.20271094066927,0.058991555045694505,0.24067525521148964,1112.4956835025162,4.320099833421409e-12,284.4867604786802,15.159671536001763,0.8140203846660347,0.033394583981540785,27
150.0,0.867150730080644,3.931023194151362,10.361497611769758,0.05720115558053494,0.24715946948393797,1142.4682720125618,3.865352482534945e-12,283.349946462823,15.159671536001763,0.8140203846660347,0.033394583981540785,27
157.5,0.8431881692838914,3.8146861565503287,10.501797210167544,0.05562047748075914,0.253442607223357,1171.5114057066055,3.865352482534945e-12,282.3090965907005,15.159671536001763,0.8140203846660347,0.033394583981540785,27
165.0,0.8220192549042733,3.7117506703150003,10.62590161078249,0.0542240808418646,0.25954796765535415,1199.7327827686363,1.8189894035458565e-12,281.3518011246782,15.159671536001763,0.8140203846660347,0.033394583981540785,27
172.5,0.8032910871572341,3.620447363115131,10.735933085729396,0.05298868680957552,0.2654958555730811,1227.2262599381665,3.637978807091713e-12,280.4675124390189,15.159671536001763,0.8140203846660347,0.033394583981540785,27
180.0,0.7866953826824847,3.539196600991188,10.83377955232809,0.051893959629284225,0.27130385245986466,1254.0731057456633,3.865352482534945e-12,279.64727122929486,15.159671536001763,0.8140203846660347,0.033394583981540785,27
0.0,0.5014450240175405,1.7956626342058146,3.270694170123157,0.09006157896364216,0.0,0.0,0.0,276.7075011590317,5.567801828346512,0.09004786077564175,0.14447187011929005,28
7.5,0.5014450240175414,1.7956626342058182,3.270694170123152,0.09006157896364232,0.0034072159944856946,13.467469756543599,2.753353101070388e-13,294.19246346053245,5.567801828346512,0.09004786077564175,0.14447187011929005,28
15.0,0.5014450240175399,1.7956626342058133,3.270694170123159,0.09006157896364204,0.00681443198897139,26.9349395130872,8.100187187665142e-13,295.5880625729915,5.567801828346512,0.09004786077564175,0.14447187011929005,28
22.5,0.501445024017928,1.7956626342072426,3.270694170121341,0.09006157896371175,0.010221647983457396,40.40240926963203,2.4868995751603507e-12,293.9106310936461,5.567801828346512,0.09004786077564175,0.14447187011929005,28
30.0,0.5014450241568452,1.795662634718811,3.270694169470856,0.09006157898866185,0.013628863978114534,53.869879026853276,2.5934809855243657e-12,291.4905145392734,5.567801828346512,0.09004786077564175,0.14447187011929005,28
37.5,0.5014450327107108,1.7956626662187944,3.2706941294170058,0.09006158052497112,0.017036079987308887,67.33734884153479,1.1226575225009583e-12,288.9909474852632,5.567801828346512,0.09004786077564175,0.14447187011929005,28
45.0,0.5014452197765283,1.7956633550968302,3.270693253473153,0.0900616141227577,0.020443296403964823,80.80482026676184,3.254285729781259e-12,286.6376105260356,5.567801828346512,0.09004786077564175,0.14447187011929005,28
52.5,0.50144730034814,1.795671016893552,3.27068351110482,0.09006198780193592,0.0238505183223464,94.27231343828376,6.075140390748857e-13,284.5013340750559,5.567801828346512,0.09004786077564175,0.14447187011929005,28
60.0,0.501461741596854,1.7957241974733698,3.2706158892762875,0.09006458150931976,0.027257784748637028,107.73998253317538,5.030642569181509e-12,282.59728309447854,5.567801828346512,0.09004786077564175,0.14447187011929005,28
67.5,0.5015326887636415,1.7959854648424995,3.2702836747403707,0.09007732391089489,0.030665298413122863,121.2086288695809,5.030642569181509e-12,280.9210755446319,5.567801828346512,0.09004786077564175,0.14447187011929005,28
75.0,0.5018002665549861,1.7969708528139456,3.26903070897758,0.090125381977542,0.03407384320176827,134.68135085996806,1.3073986337985843e-12,279.4637310333539,5.567801828346512,0.09004786077564175,0.14447187011929005,28
82.5,0.5026177327489187,1.7999814318394947,3.265202663758098,0.09027220225224553,0.03748581632410692,148.16762379059614,6.0538241086760536e-12,278.2146190018279,5.567801828346512,0.09004786077564175,0.14447187011929005,28
90.0,0.5047130925804161,1.807699382623381,3.255389353142715,0.09064853745527476,0.040907250937958786,161.69129451197543,2.9842794901924208e-12,277.1585048473156,5.567801828346512,0.09004786077564175,0.14447187011929005,28
97.5,0.5093160193151982,1.824659356777518,3.233826452253796,0.0914752419387835,0.044350929465524526,175.30288723057873,3.0127011996228248e-12,276.2726462962571,5.567801828346512,0.09004786077564175,0.14447187011929005,28
105.0,0.5180690757591231,1.856932960808591,3.192799791778798,0.09304732670648512,0.047839801549612065,189.09311343077906,3.467448550509289e-12,275.5268334470362,5.567801828346512,0.09004786077564175,0.14447187011929005,28
112.5,0.5325285179549912,1.9103094902334528,3.124963820158068,0.09564430171415386,0.05140849123403743,203.1988292037946,1.2647660696529783e-12,274.88642937905104,5.567801828346512,0.09004786077564175,0.14447187011929005,28
120.0,0.5533998153983823,1.9874892169015823,3.026912796046547,0.0993928721710139,0.055100192681106316,217.7907651623757,3.865352482534945e-12,274.31765182736416,5.567801828346512,0.09004786077564175,0.14447187011929005,28
127.5,0.5801601511414637,2.0866658532385736,2.900975823966475,0.1041991380130991,0.058959092915245495,233.0435763375102,2.4300561562995426e-12,273.7929987961222,5.567801828346512,0.09004786077564175,0.14447187011929005,28
135.0,0.6114039028123603,2.2027481322935127,2.7536497932406387,0.1098106437085479,0.06302261427610671,249.10517945308487,7.389644451905042e-13,273.2934953480966,5.567801828346512,0.09004786077564175,0.14447187011929005,28
142.5,0.64537699294295,2.329286700606157,2.5931381347974045,0.11591234976382228,0.06731702525578201,266.0794041821736,2.7853275241795927e-12,272.80741861394347,5.567801828346512,0.09004786077564175,0.14447187011929005,28
150.0,0.6803070383542726,2.4596563011774153,2.427838488814824,0.1221859289047839,0.0718560457233398,284.020480113403,1.5916157281026244e-12,272.327975315513,5.567801828346512,0.09004786077564175,0.14447187011929005,28
157.5,0.7146641245822076,2.587974046694663,2.2651636570696416,0.12835660223101794,0.07664135494095664,302.93504475158994,1.7195134205394424e-12,271.85161711009783,5.567801828346512,0.09004786077564175,0.14447187011929005,28
165.0,0.7473828863881334,2.7098631750409563,2.110555766917422,0.1342330257846275,0.08166475971994121,322.7907134398508,3.922195901395753e-12,271.37697089811047,5.567801828346512,0.09004786077564175,0.14447187011929005,28
172.5,0.7779387297695795,2.822664579717035,1.967198518859898,0.13972098033535912,0.08691140318175929,343.52876240996545,1.9326762412674725e-12,270.9040132696251,5.567801828346512,0.09004786077564175,0.14447187011929005,28
180.0,0.8062876808498871,2.925132137791672,1.8363820097049524,0.14481256799495915,0.09236271558281034,365.07579230576397,1.4779288903810084e-12,270.4334024828801,5.567801828346512,0.09004786077564175,0.14447187011929005,28
0.0,2.0132610683483976,8.21590881652254,6.317760871413747,0.12166975845860366,0.0,0.0,0.0,507.97439068488217,16.546930756284684,0.1612717790336018,0.10020895502067272,29
7.5,2.0132610683979917,8.215908816735654,6.31776087115104,0.12166975846160084,0.014603383251923228,61.61931612398291,3.069544618483633e-12,500.4732791059562,16.546930756284684,0.1612717790336018,0.10020895502067272,29
15.0,2.0132696478153767,8.215945683669275,6.317715424800031,0.12167027695155595,0.029206774235997362,123.23866487395685,5.6843418860808015e-12,471.1038231515045,16.546930756284684,0.1612717790336018,0.10020895502067272,29
22.5,2.014841033375521,8.222698510538018,6.309391212371145,0.12176524233113534,0.04381292833728553,184.86967266144023,4.035882739117369e-12,450.95962751331416,16.546930756284684,0.1612717790336018,0.10020895502067272,29
30.0,2.036863108014857,8.317411727412273,6.192655920857556,0.12309612809863464,0.05848579391974569,246.7821710991738,5.115907697472721e-13,437.4315365716784,16.546930756284684,0.1612717790336018,0.10020895502067272,29
37.5,2.113296474509691,8.647234156388373,5.786400125386621,0.1277153150415548,0.07352076408829188,310.2225782807281,3.581135388230905e-12,427.90911149000044,16.546930756284684,0.1612717790336018,0.10020895502067272,29
45.0,2.2313673243138687,9.160035993099253,5.155527438871563,0.13485082866297568,0.08932723252307558,376.9183403849256,3.183231456205249e-12,420.5407500295905,16.546930756284684,0.1612717790336018,0.10020895502067272,29
52.5,2.350410325015511,9.679373855503252,4.517146575765922,0.14204509341545427,0.10607358434555053,447.5799623578081,5.343281372915953e-12,414.3831138001037,16.546930756284684,0.1612717790336018,0.10020895502067272,29
60.0,2.4509432693699527,10.104827579534483,3.991159907380251,0.1481207183053607,0.1236679749567779,521.8199037727043,5.6843418860808015e-12,409.0262195029103,16.546930756284684,0.1612717790336018,0.10020895502067272,29
67.5,2.540609273546041,10.413706486838805,3.5926149958998392,0.1535396087024231,0.1419168907580643,598.8216294879642,3.410605131648481e-12,404.2540835911476,16.546930756284684,0.1612717790336018,0.10020895502067272,29
75.0,2.6491565140284044,10.601857754143184,3.2959164881130953,0.16009957091421495,0.16061022940730826,677.6986077723445,2.2737367544323206e-12,399.91807453562024,16.546930756284684,0.1612717790336018,0.10020895502067272,29
82.5,2.823442075158807,10.652035723099104,3.0714529580267733,0.17063237386706515,0.17952082502870134,757.4923069162717,4.320099833421409e-12,395.9154013736236,16.546930756284684,0.1612717790336018,0.10020895502067272,29
90.0,3.108261535433992,10.54112882532412,2.8975403955265735,0.18784520109588565,0.19838205313659096,837.0776986859181,3.979039320256561e-12,392.1809220113788,16.546930756284684,0.1612717790336018,0.10020895502067272,29
97.5,3.515731154857617,10.27010396403218,2.761095637394888,0.21247028869824142,0.2169031770600094,915.2280129193189,4.774847184307873e-12,388.67730261936987,16.546930756284684,0.1612717790336018,0.10020895502067272,29
105.0,4.019004518932863,9.873618956199163,2.654307281152659,0.24288519593921706,0.23482608978686628,990.8541610609357,8.86757334228605e-12,385.38835350454275,16.546930756284684,0.1612717790336018,0.10020895502067272,29
112.5,4.5746721291963635,9.400562623423744,2.5716960036645777,0.276466505878068,0.2519701613350409,1063.1939706896412,4.774847184307873e-12,382.30794170039263,16.546930756284684,0.1612717790336018,0.10020895502067272,29
120.0,5.1419073609377985,8.89614354261971,2.5088798527271785,0.31074689540142375,0.26824015697301057,1131.8455966352824,4.774847184307873e-12,379.4308907717136,16.546930756284684,0.1612717790336018,0.10020895502067272,29
127.5,5.690639245140458,8.394225793726687,2.4620657174175404,0.34390905050346565,0.2836118506541497,1196.7068165292683,5.229594535194337e-12,376.74988601550945,16.546930756284684,0.1612717790336018,0.10020895502067272,29
135.0,6.20334034865032,7.915724144758369,2.427866262875996,0.3748937153371619,0.29810976423601604,1257.8811009213152,6.139089236967266e-12,374.25513579515354,16.546930756284684,0.1612717790336018,0.10020895502067272,29
142.5,6.672703221752956,7.470856226852918,2.403371307678811,0.40325927025582065,0.3117857374768778,1315.587188880132,5.002220859751105e-12,371.9348186000731,16.546930756284684,0.1612717790336018,0.10020895502067272,29
150.0,7.097902844963015,7.062801294105968,2.386226617215702,0.4289558558929222,0.32470309432724326,1370.0922772913493,4.774847184307873e-12,369.7759230508246,16.546930756284684,0.1612717790336018,0.10020895502067272,29
157.5,7.48147080275503,6.690850824103045,2.374609129426607,0.45213646645094563,0.3369270396322866,1421.671499519496,4.320099833421409e-12,367.7651348167717,16.546930756284684,0.1612717790336018,0.10020895502067272,29
165.0,7.8273252374827855,6.352468794273758,2.367136724528141,0.4730378916047553,0.3485196689523776,1470.5868692293723,5.229594535194337e-12,365.88951442292887,16.546930756284684,0.1612717790336018,0.10020895502067272,29
172.5,8.139730457955674,6.04443387266573,2.3627664256632817,0.4919178413110918,0.3595378635623832,1517.078398286523,3.524291969370097e-12,364.1368878137624,16.546930756284684,0.1612717790336018,0.10020895502067272,29
180.0,8.422811031091108,5.7634095582490605,2.3607101669445174,0.509025580341662,0.3700326518782066,1561.3614022816307,6.480149750132114e-12,362.4960246504878,16.546930756284684,0.1612717790336018,0.10020895502067272,29
0.0,1.1441486474256928,4.816791519004958,2.846862401398559,0.12990171369244055,0.0,0.0,0.0,375.0237403800438,8.80780256782921,0.696320375077736,0.08923125511480615,30
7.5,1.1441486474256943,4.816791519004963,2.846862401398553,0.12990171369244075,0.00842938287365021,36.125936392537206,1.9912960169676808e-12,332.92178467759913,8.80780256782921,0.696320375077736,0.08923125511480615,30
15.0,1.144148647232654,4.816791518141626,2.8468624024549305,0.12990171367052378,0.016858765747174806,72.25187278453608,4.305888978706207e-12,317.7545110760988,8.80780256782921,0.696320375077736,0.08923125511480615,30
22.5,1.1441483760103868,4.8167903051398016,2.8468638866790217,0.12990168287711473,0.02528814828578758,108.37780774119817,2.8848035071860068e-12,309.0860947538933,8.80780256782921,0.696320375077736,0.08923125511480615,30
30.0,1.1441279716641208,4.81669904986652,2.8469755462985704,0.12989936625544787,0.03371749139128773,144.50357369876033,1.9610979506978765e-12,303.1272070319198,8.80780256782921,0.696320375077736,0.08923125511480615,30
37.5,1.1437885780069756,4.8151812124207805,2.8488327774014546,0.12986083296016435,0.04214589813152004,180.62532666122988,3.268496584496461e-12,298.5002110451394,8.80780256782921,0.696320375077736,0.08923125511480615,30
45.0,1.141594245485886,4.805369844564731,2.860838477778594,0.1296116978888238,0.05056622421355167,216.71244822202465,2.6716406864579767e-12,294.6062072213872,8.80780256782921,0.696320375077736,0.08923125511480615,30
52.5,1.1341057920733288,4.7719137179663615,2.90178305778952,0.12876149111421817,0.058951844109548825,252.65082894521572,3.524291969370097e-12,291.1666362135188,8.80780256782921,0.696320375077736,0.08923125511480615,30
60.0,1.1177519735363475,4.698980629203488,2.991069965089376,0.1269047489346518,0.06724688657155133,288.201020560362,3.240074875066057e-12,288.0633272634309,8.80780256782921,0.696320375077736,0.08923125511480615,30
67.5,1.0916476887374815,4.582894831209469,3.1332600478822603,0.1239409807759271,0.0753768060572271,323.04354208516605,4.263256414560601e-12,285.25429836695196,8.80780256782921,0.696320375077736,0.08923125511480615,30
75.0,1.0580381869368336,4.433962277732249,3.3158021031601272,0.12012510257681673,0.08327330785826237,356.8857018332408,5.229594535194337e-12,282.72263781238524,8.80780256782921,0.696320375077736,0.08923125511480615,30
82.5,1.020485325000334,4.2681819914997465,3.5191352513291303,0.11586151223776182,0.0908924164429575,389.53903318907925,2.1032064978498966e-12,280.4523653269165,8.80780256782921,0.696320375077736,0.08923125511480615,30
90.0,0.9821649853922614,4.099631960699494,3.726005621737456,0.11151078578664461,0.09821727272153498,420.93128289119517,3.126388037344441e-12,278.42237859935665,8.80780256782921,0.696320375077736,0.08923125511480615,30
97.5,0.9452337279523397,3.9377399024517237,3.9248289374251466,0.10731776974711459,0.10525178560241864,451.0792034088025,3.069544618483633e-12,276.60800448007416,8.80780256782921,0.696320375077736,0.08923125511480615,30
105.0,0.9108919974676479,3.787655397345744,4.109255173015818,0.10341875745429524,0.11201255574247844,480.05394043348355,3.126388037344441e-12,274.9838091079834,8.80780256782921,0.696320375077736,0.08923125511480615,30
112.5,0.8796620132387156,3.6515356129132046,4.27660494167729,0.09987303944024702,0.11852245510849772,507.9535167065912,3.808509063674137e-12,273.52559767751404,8.80780256782921,0.696320375077736,0.08923125511480615,30
120.0,0.8516495314538207,3.5297255249643786,4.426427511411012,0.09669262280747513,0.12480639681801187,534.8847027607862,5.4569682106375694e-12,272.2114566593032,8.80780256782921,0.696320375077736,0.08923125511480615,30
127.5,0.8267280216497837,3.421575961095524,4.559498585083903,0.09386314183170216,0.13088898315772454,560.9529369962329,5.002220859751105e-12,271.0220609969519,8.80780256782921,0.696320375077736,0.08923125511480615,30
135.0,0.8046548642984829,3.3259531085799994,4.677194594950729,0.09135705053579554,0.13679320262200137,586.2567415583432,7.389644451905042e-12,269.94066894918416,8.80780256782921,0.696320375077736,0.08923125511480615,30
142.5,0.7851397093721045,3.241534296776172,4.7811285616809345,0.08914138382709136,0.14253986205428795,610.8852886574809,2.7284841053187847e-12,268.9529227130031,8.80780256782921,0.696320375077736,0.08923125511480615,30
150.0,0.767883770946321,3.166975375364417,4.872943421518472,0.08718221883753864,0.1481474153653364,634.9176665040188,1.5916157281026244e-12,268.0465838498057,8.80780256782921,0.696320375077736,0.08923125511480615,30
157.5,0.7526017980556393,3.1010023305364625,4.954198439237109,0.08544716940006605,0.15363201373730698,658.4230944688329,1.5916157281026244e-12,267.2112566112259,8.80780256782921,0.696320375077736,0.08923125511480615,30
165.0,0.739033572800909,3.042457530753139,5.026311464275162,0.08390669149422735,0.15900767353604126,681.4616427075248,5.4569682106375694e-12,266.4381239232026,8.80780256782921,0.696320375077736,0.08923125511480615,30
172.5,0.7269489777772314,2.990318325777804,5.090535264274175,0.08253465858015899,0.1642864985823936,704.0851847521012,5.002220859751105e-12,265.7197079842186,8.80780256782921,0.696320375077736,0.08923125511480615,30
180.0,0.7161490909316153,2.9436986366515243,5.147954840246071,0.08130848590400669,0.16947892068174034,726.3384283520061,2.5011104298755527e-12,265.0496573840554,8.80780256782921,0.696320375077736,0.08923125511480615,30
0.0,1.4896910165089032,5.638478214404399,7.39736142149876,0.10255673628429747,0.0,0.0,0.0,427.88235978478565,14.525530652412062,0.3015120891478765,0.1260565186237777,31
7.5,1.4896910165091497,5.638478214405369,7.397361421497543,0.10255673628431444,0.010406499861079258,42.28858660803322,8.313350008393172e-13,439.2498720332459,14.525530652412062,0.3015120891478765,0.1260565186237777,31
15.0,1.4896911641579356,5.638478794111573,7.397360694142554,0.10255674644909185,0.020812999834378353,84.5771736720909,3.737454790098127e-12,421.5563052731924,14.525530652412062,0.3015120891478765,0.1260565186237777,31
22.5,1.4897569707614904,5.63873716778248,7.397036513868092,0.10256127685869475,0.03121959197940734,126.86613529168928,9.379164112033322e-13,407.17569120911423,14.525530652412062,0.3015120891478765,0.1260565186237777,31
30.0,1.4919319145001075,5.647277016916265,7.386321720995691,0.10271100933943245,0.04163103005016103,169.17478915675352,5.5990767577895895e-12,396.54839441661755,14.525530652412062,0.3015120891478765,0.1260565186237777,31
37.5,1.509555663563487,5.716509142828412,7.299465846020162,0.10392430401933819,0.05209999884894326,211.71722894478285,2.2737367544323206e-13,388.889750288713,14.525530652412062,0.3015120891478765,0.1260565186237777,31
45.0,1.566387097166031,5.9401548857949695,7.018988669451061,0.10783682432324232,0.06282581386735148,255.30340714136418,1.0800249583553523e-12,383.22677742044584,14.525530652412062,0.3015120891478765,0.1260565186237777,31
52.5,1.6620980926491407,6.318081362681669,6.545351197081255,0.11442598087617116,0.07411677366888991,301.18614752758856,1.2505552149377763e-12,378.66718410280464,14.525530652412062,0.3015120891478765,0.1260565186237777,31
60.0,1.768100146394333,6.738245438627683,6.019185067390047,0.12172361813857233,0.08616265911829857,350.1366570070491,8.384404281969182e-13,374.69350282229345,14.525530652412062,0.3015120891478765,0.1260565186237777,31
67.5,1.8608131223604278,7.105768512763745,5.55894901728789,0.12810637813438006,0.09894542456335294,402.08160399494966,1.9326762412674725e-12,371.1020263294847,14.525530652412062,0.3015120891478765,0.1260565186237777,31
75.0,1.9340167520831244,7.390110537783967,5.201403362544971,0.13314603083102977,0.11233154760935679,456.478397473407,2.1600499167107046e-12,367.82050351918065,14.525530652412062,0.3015120891478765,0.1260565186237777,31
82.5,1.9929153227205556,7.597436050193263,4.935179279498244,0.137200861738543,0.12617028684381376,512.7144740096755,1.8189894035458565e-12,364.80819453218305,14.525530652412062,0.3015120891478765,0.1260565186237777,31
90.0,2.048268019373704,7.74081132861137,4.736451304426989,0.14101157943125303,0.14033174724311598,570.2619830267963,2.2737367544323206e-12,362.0263447188705,14.525530652412062,0.3015120891478765,0.1260565186237777,31
97.5,2.114370475658924,7.8272538733461,4.583906303407039,0.14556235680848043,0.15470562112504474,628.6726704494021,1.5916157281026244e-12,359.4371736503181,14.525530652412062,0.3015120891478765,0.1260565186237777,31
105.0,2.207598054573189,7.855466869308333,4.462465728530542,0.15198054428439092,0.1691867868316812,687.5193564961422,1.2505552149377763e-12,357.0083362204431,14.525530652412062,0.3015120891478765,0.1260565186237777,31
112.5,2.34276258565464,7.819865658795463,4.362902407961959,0.16128585190556247,0.1836628458157268,746.3452905048822,3.296918293926865e-12,354.7148508241827,14.525530652412062,0.3015120891478765,0.1260565186237777,31
120.0,2.52773177127514,7.7176445969276894,4.280154284209234,0.1740199261398683,0.19801254772295476,804.6577509867041,2.4726887204451486e-12,352.5388986516857,14.525530652412062,0.3015120891478765,0.1260565186237777,31
127.5,2.7603829032372307,7.553609242237396,4.211538506937436,0.19003663062587325,0.21211604337315648,861.9697103622285,2.2168933355715126e-12,350.4692291572617,14.525530652412062,0.3015120891478765,0.1260565186237777,31
135.0,3.0306545959926354,7.339493563878026,4.155382492541402,0.20864329631147588,0.2258691412861375,917.8577687858935,3.183231456205249e-12,348.49969602893907,14.525530652412062,0.3015120891478765,0.1260565186237777,31
142.5,3.3251090994319306,7.090106641615327,4.110314911364806,0.2289148106874687,0.23919269095132367,972.0002846619494,3.751665644813329e-12,346.6269554768922,14.525530652412062,0.3015120891478765,0.1260565186237777,31
150.0,3.6304690222412854,6.820043026787869,4.075018603382909,0.24993710103378713,0.25203508154093274,1024.18752859149,3.637978807091713e-12,344.8485558849392,14.525530652412062,0.3015120891478765,0.1260565186237777,31
157.5,3.9355229602954207,6.541842671606204,4.048165020510437,0.2709383260736089,0.26436995098106225,1074.3123737921896,4.263256414560601e-12,343.16196138846453,14.525530652412062,0.3015120891478765,0.1260565186237777,31
165.0,4.231952818668926,6.265158553986016,4.02841927975712,0.29134583237867334,0.2761915158551965,1122.3513183649006,7.673861546209082e-12,341.5641931505594,14.525530652412062,0.3015120891478765,0.1260565186237777,31
172.5,4.514393558733056,5.996639635970519,4.014497457708488,0.3107902676163787,0.28750907551834515,1168.3421518243465,5.6843418860808015e-12,340.0517277055587,14.525530652412062,0.3015120891478765,0.1260565186237777,31
180.0,4.779966876978295,5.740327268332527,4.005236507101241,0.3290734769944222,0.2983416989534764,1212.3623642342902,9.606537787476555e-12,338.6205544981011,14.525530652412062,0.3015120891478765,0.1260565186237777,31
